Season,Tempo,RankTempo,AdjTempo,RankAdjTempo,OE,RankOE,AdjOE,RankAdjOE,DE,RankDE,AdjDE,RankAdjDE,AdjEM,RankAdjEM,seed,Class,TeamName2,offensive-rebounding-pct , total-rebounding-percentage , three-point-pct , opponent-shooting-pct , offensive-efficiency , defensive-efficiency 
2015,66.5735,92,65.6368,90,124.253,3,124.253,3,94.9453,37,94.9453,37,29.3074,6,1,FF,Duke,20.6,46.7,40.6,47.9,0.969,1.105
2014,63.1058,322,61.5519,317,116.216,18,116.216,18,88.4056,4,88.4056,4,27.8106,3,1,FF,Florida,28.5,50,33.3,42.4,0.921,1.016
2017,70.8928,99,70.022,72,119.293,2,120.711,10,86.2747,1,87.6571,2,33.0538,1,1,FF,Gonzaga,27,51.7,32.1,40.9,0.992,0.976
2017,72.1311,54,70.6955,54,116.337,9,122.075,4,98.192,53,94.0654,25,28.0091,3,1,FF,North Carolina,28.8,49.3,32.2,45.1,0.939,1.138
2016,70.7158,92,71.0747,51,121.139,4,121.139,4,93.1009,14,93.1009,14,28.0379,4,1,FF,North Carolina,28.4,48.8,31.8,44.2,0.939,1.055
2015,59.2656,345,58.0767,347,126.815,1,126.815,1,93.2904,16,93.2904,16,33.5251,2,1,FF,Wisconsin,22.2,48.8,39.1,43.7,1.094,1.03
2015,63.8582,233,61.9696,278,121.27,6,121.27,6,83.8367,1,83.8367,1,37.4333,1,1,FF,Kentucky,32.5,50.8,36.6,41.3,1.02,0.977
2016,71.2898,72,69.8681,84,117.285,18,117.285,18,92.4357,11,92.4357,11,24.849,8,2,FF,Oklahoma,25.2,44.3,34.3,49.1,1,1.131
2016,67.6994,243,66.5578,248,118.299,15,118.299,15,91.552,7,91.552,7,26.7471,5,2,FF,Villanova,28.3,51.4,34.4,40,1.11,0.919
2014,63.8201,297,62.7652,285,120.678,4,120.678,4,96.8522,50,96.8522,50,23.8262,10,2,FF,Wisconsin,23,47.3,40.1,46.2,1.099,1.087
2017,68.7979,216,66.7169,242,113.722,18,117.728,18,95.081,22,93.9002,22,23.8276,16,3,FF,Oregon,28.6,50.5,34.4,43.1,0.982,0.998
2014,65.9523,205,63.4064,253,111.355,57,111.355,57,92.2385,12,92.2385,12,19.1162,25,7,FF,Connecticut,29.6,50.3,38.7,38.7,1.054,0.926
2015,63.1326,267,62.8407,245,115.973,15,115.973,15,95.052,38,95.052,38,20.9213,18,7,FF,Michigan St.,23.2,47.9,34.4,46.1,0.975,1.035
2017,69.4858,178,68.211,167,101.278,219,105.546,149,91.2888,5,88.5163,3,17.0302,31,7,FF,South Carolina,22.7,48.2,33.7,46.4,0.964,1.026
2014,66.8184,156,64.6236,191,116.202,19,116.202,19,95.0512,32,95.0512,32,21.1505,19,8,FF,Kentucky,27.7,49,35,43.5,1.007,1.005
2016,65.2376,330,64.9033,314,111.357,65,111.357,65,95.507,30,95.507,30,15.8501,38,10,FF,Syracuse,29,48.9,31.8,44.9,0.997,1.031
2014,64.521,275,63.1175,267,115.193,24,115.193,24,84.7964,1,84.7964,1,30.3964,2,1,DNF,Arizona,28.8,50.4,31.1,42.9,0.969,1.029
2017,71.434,78,70.2533,66,114.544,14,120.833,9,100.058,82,94.8585,30,25.975,10,1,DNF,Kansas,27.2,52.2,33.3,43.8,0.976,1.032
2016,69.2473,157,68.811,130,120.379,7,120.379,7,90.575,4,90.575,4,29.804,1,1,DNF,Kansas,25.2,45.4,34.5,46.7,0.976,1.069
2016,69.4792,145,68.0532,163,119.63,10,119.63,10,96.8455,41,96.8455,41,22.7847,13,1,DNF,Oregon,29.4,51.6,42.6,40.5,1.091,0.956
2017,65.8287,314,63.9872,324,117.917,5,122.753,3,95.7139,29,91.9756,12,30.7772,2,1,DNF,Villanova,29,52.9,37,41.8,1.156,0.935
2015,65.0568,158,63.8347,178,122.473,4,122.473,4,91.5163,11,91.5163,11,30.9562,4,1,DNF,Villanova,31.6,51.6,38.9,40.5,1.129,0.901
2016,61.1656,351,60.6947,351,120.224,8,120.224,8,91.1288,6,91.1288,6,29.0952,3,1,DNF,Virginia,29.3,53,40.4,42.1,1.127,0.956
2014,60.5011,346,59.6528,345,113.85,31,113.85,31,87.4218,2,87.4218,2,26.4285,4,1,DNF,Virginia,32.6,54.8,36.3,38.5,1.053,0.881
2014,64.4923,276,63.5718,245,117.117,15,117.117,15,91.937,11,91.937,11,25.1804,8,1,DNF,Wichita St.,25.9,48.8,33,44.1,1.004,1.012
2017,67.3107,276,65.6678,278,113.069,19,117.585,20,97.3254,43,94.8418,29,22.7427,19,2,DNF,Arizona,27,49.9,33.8,44.9,0.982,1.016
2015,66.8428,80,65.5943,94,118.227,11,118.227,11,85.9123,3,85.9123,3,32.3143,3,2,DNF,Arizona,26.9,47.9,34,44.5,1.001,1.023
2017,69.7368,158,67.9699,182,115.574,12,120.988,6,100.308,92,95.8991,39,25.0887,12,2,DNF,Duke,25.3,46.7,37.4,50.1,1.024,1.146
2015,64.9509,162,64.2083,161,121.92,5,121.92,5,92.9958,15,92.9958,15,28.9239,7,2,DNF,Gonzaga,30.7,52.9,34.4,38.7,1.004,0.943
2015,66.7924,82,66.6617,56,114.271,28,114.271,28,90.5293,8,90.5293,8,23.7421,12,2,DNF,Kansas,25.9,46.1,29.5,45.7,0.915,1.037
2014,68.7862,72,66.8907,78,119.974,6,119.974,6,94.5731,27,94.5731,27,25.4011,5,2,DNF,Kansas,28.4,46.7,31.6,48.4,0.981,1.086
2017,74.8355,13,72.7658,16,114.251,16,119.139,14,95.2333,23,91.8728,9,27.2664,4,2,DNF,Kentucky,29.8,50.8,41.2,47.9,1.029,1.063
2017,68.8805,214,67.9905,180,111.775,34,117.179,23,95.3237,25,90.4602,6,26.7186,6,2,DNF,Louisville,18.8,44.2,32.5,48.2,0.909,1.117
2014,63.0594,326,61.5484,318,122.369,3,122.369,3,99.5935,82,99.5935,82,22.7757,12,2,DNF,Michigan,33.3,51.9,32.3,40.6,1.014,0.982
2016,66.9044,282,66.3201,256,123.022,1,123.022,1,93.3408,16,93.3408,16,29.6807,2,2,DNF,Michigan St.,26.1,47.7,30.8,43.6,0.945,1.03
2014,67.5107,125,65.8913,118,117.154,14,117.154,14,91.8909,10,91.8909,10,25.2627,7,2,DNF,Villanova,32.5,52.8,36.1,40.7,1.112,0.943
2015,58.4807,347,57.5332,349,115.318,16,115.318,16,84.4292,2,84.4292,2,30.8885,5,2,DNF,Virginia,33.1,56.1,36.1,36.2,1.086,0.844
2016,72.8035,32,71.9214,31,117.096,19,117.096,19,95.3858,27,95.3858,27,21.71,18,2,DNF,Xavier,33,54.9,36.2,41.6,1.091,0.953
2017,64.7766,335,63.0844,337,110.829,44,117.289,22,97.4975,45,92.281,14,25.0078,13,3,DNF,Baylor,26.3,51,37.6,42.1,1.037,1.005
2015,62.6602,286,61.2742,302,117.192,13,117.192,13,93.7123,21,93.7123,21,23.4796,13,3,DNF,Baylor,40.6,55.2,38.2,40.5,1.068,0.932
2014,65.5,225,63.9037,229,125.701,1,125.701,1,100.913,101,100.913,101,24.7882,9,3,DNF,Creighton,25.8,52,42.2,42.2,1.191,1.01
2014,65.404,230,64.8311,178,124.75,2,124.75,2,99.4399,77,99.4399,77,25.3098,6,3,DNF,Duke,24.2,50.2,39.7,44.9,1.019,1.046
2017,72.3678,50,70.7622,52,113.774,17,116.738,25,98.6561,61,93.9951,24,22.7426,20,3,DNF,Florida St.,30,51.3,36.2,40.8,1.076,0.915
2015,69.8477,12,69.3108,10,120.166,8,120.166,8,97.135,61,97.135,61,23.031,14,3,DNF,Iowa St.,33.9,52.9,33.2,39.2,1.041,0.928
2014,71.953,12,70.4795,11,116.764,16,116.764,16,95.8121,39,95.8121,39,20.9515,21,3,DNF,Iowa St.,36.8,55,35.3,41.4,1.125,0.962
2016,66.1954,304,65.897,278,118.848,12,118.848,12,95.9995,36,95.9995,36,22.848,11,3,DNF,Miami FL,30.6,51.6,32.5,39.9,1.012,0.922
2015,64.1137,217,63.2851,222,124.623,2,124.623,2,100.552,110,100.552,110,24.0703,10,3,DNF,Notre Dame,29,49.1,29.9,42.5,0.939,1.001
2015,68.1552,40,66.9861,47,111.785,49,111.785,49,87.6854,4,87.6854,4,24.1001,9,3,DNF,Oklahoma,27.9,45.5,36.6,47.8,1.102,1.103
2014,60.4471,347,59.7435,344,114.707,28,114.707,28,93.2029,17,93.2029,17,21.5042,18,3,DNF,Syracuse,28,51.4,37.1,42.3,1.068,0.997
2016,68.3815,208,66.5488,249,114.159,32,114.159,32,92.3528,8,92.3528,8,21.8057,17,3,DNF,Texas A&M,33.6,52.6,35.3,40.4,1.078,0.924
2017,74.8337,14,73.179,14,120.722,1,122.757,2,101.061,113,99.8057,78,22.9515,18,3,DNF,UCLA,30.7,52.4,26.7,43.4,0.92,0.982
2016,67.2963,260,65.2107,307,115.673,27,115.673,27,97.5601,51,97.5601,51,18.1129,28,3,DNF,Utah,28.4,52.6,36,41.5,1.096,0.989
2016,70.7679,88,69.3697,101,116.39,23,116.39,23,90.4754,3,90.4754,3,25.9146,6,3,DNF,West Virginia,22,48.3,34.6,44.4,0.963,1.065
2017,66.9222,286,65.3305,294,112.888,22,117.971,17,101.51,129,97.0613,49,20.9097,26,4,DNF,Butler,31.2,52.5,33,42.1,1.024,0.998
2016,68.199,219,68.0218,165,112.902,45,112.902,45,93.2625,15,93.2625,15,19.6396,25,4,DNF,California,28.6,47.6,34.1,47.6,1.056,1.082
2016,68.4041,206,67.5008,202,121.786,3,121.786,3,99.7328,85,99.7328,85,22.0532,14,4,DNF,Duke,22.1,49.7,38.2,45.8,0.976,1.065
2017,70.5621,113,68.8208,121,109.917,53,115.851,31,93.6551,11,89.4618,4,26.3891,9,4,DNF,Florida,25.3,46.6,32.7,45.7,1.002,1.057
2015,64.6746,179,63.7582,185,113.166,37,113.166,37,93.597,19,93.597,19,19.5694,22,4,DNF,Georgetown,37,55.3,26.7,44,0.949,0.968
2016,71.7188,59,71.0322,54,121.033,5,121.033,5,99.9576,88,99.9576,88,21.0754,21,4,DNF,Iowa St.,30.1,50.9,38.2,41.5,1.097,0.965
2016,68.1451,222,66.9955,232,122.508,2,122.508,2,97.3082,48,97.3082,48,25.1996,7,4,DNF,Kentucky,34.4,52.4,32.8,44.8,1.041,1.042
2015,66.242,106,64.8006,134,108.601,78,108.601,78,88.176,5,88.176,5,20.4245,19,4,DNF,Louisville,24.9,45.8,36.9,45.7,0.951,1.057
2014,69.1489,63,67.4981,58,119.102,7,119.102,7,88.5345,6,88.5345,6,30.5677,1,4,DNF,Louisville,23.4,44.8,34.1,48.4,0.943,1.151
2015,64.7568,176,63.7514,187,111.125,55,111.125,55,94.9328,35,94.9328,35,16.1924,33,4,DNF,Maryland,26.9,47.8,31.1,43.1,0.905,0.992
2014,66.067,199,64.3969,205,118.203,10,118.203,10,94.4143,24,94.4143,24,23.7886,11,4,DNF,Michigan St.,21.7,47.3,30,46.2,0.948,1.013
2015,69.4319,16,69.0232,14,117.921,12,117.921,12,94.1249,26,94.1249,26,23.7959,11,4,DNF,North Carolina,32,49.6,28.4,43.6,0.897,1.033
2017,70.1097,137,68.8912,117,112.965,20,116.912,24,94.7469,18,92.6889,16,24.2236,15,4,DNF,Purdue,26,47.9,33.6,47,0.869,1.132
2014,63.6681,302,62.8054,281,109.055,99,109.055,99,89.2312,7,89.2312,7,19.8236,24,4,DNF,San Diego St.,33,53.4,37.2,37.7,1.053,0.919
2014,70.4051,33,68.6469,33,118.14,11,118.14,11,95.8826,41,95.8826,41,22.2575,13,4,DNF,UCLA,31,52.1,34.7,42.1,1.026,0.954
2017,71.479,76,69.8998,79,112.338,27,116.472,28,91.646,7,89.6731,5,26.7991,5,4,DNF,West Virginia,17.8,46.9,36.6,46.2,0.987,1.082
2015,70.3181,10,69.1346,11,114.941,22,114.941,22,97.964,67,97.964,67,16.9767,29,5,DNF,Arkansas,28.7,52.4,34.8,45,1.009,0.966
2016,67.1496,266,66.4547,251,118.756,13,118.756,13,98.8407,65,98.8407,65,19.9152,24,5,DNF,Baylor,39.5,55.4,37.4,44.8,1.102,1.006
2014,63.6905,300,61.2764,327,109.197,96,109.197,96,90.1186,9,90.1186,9,19.0788,26,5,DNF,Cincinnati,24.9,46.9,35.7,45.7,0.953,1.114
2016,68.7995,188,67.7325,185,120.855,6,120.855,6,98.0589,55,98.0589,55,22.7957,12,5,DNF,Indiana,19.2,46.7,38.9,46.7,0.998,1.04
2017,70.637,110,68.1638,171,112.325,28,119.541,13,100.85,108,96.4283,43,23.113,17,5,DNF,Iowa St.,30.1,49.8,37.1,44.3,1.051,1.02
2016,66.9454,277,67.2907,212,116.294,25,116.294,25,95.5806,31,95.5806,31,20.7136,22,5,DNF,Maryland,24.6,47.9,33.7,46.7,1.077,1.063
2017,70.4492,119,69.3901,97,104.14,159,109.574,80,95.8428,30,92.9833,18,16.5907,33,5,DNF,Minnesota,28.6,53.5,37,41.7,1.098,0.937
2015,57.4039,350,58.014,348,115.17,19,115.17,19,94.2192,28,94.2192,28,20.9503,17,5,DNF,Northern Iowa,28.4,47.8,31.2,44.3,0.893,1.042
2017,67.853,252,67.0898,220,114.424,15,118.891,16,101.671,133,97.7973,57,21.0939,25,5,DNF,Notre Dame,23.9,47.4,31.7,44,0.937,1.044
2014,71.9576,11,69.9669,16,117.886,12,117.886,12,99.4806,81,99.4806,81,18.4058,28,5,DNF,Oklahoma,30.9,48.4,33.9,46.2,1.077,1.063
2016,67.8939,231,67.5995,195,117,20,117,20,92.4061,10,92.4061,10,24.5939,9,5,DNF,Purdue,23.1,47.3,30.8,45.2,0.927,1.047
2014,67.358,132,65.5822,137,105.599,160,105.599,160,89.8073,8,89.8073,8,15.792,35,5,DNF,Saint Louis,30.1,49.7,33.3,43.8,0.975,1.042
2015,62.6865,284,60.3923,322,116.433,14,116.433,14,89.5299,7,89.5299,7,26.9035,8,5,DNF,Utah,30.3,53.4,40.2,38.2,1.112,0.887
2014,70.5748,27,69.3132,18,108.679,109,108.679,109,88.4655,5,88.4655,5,20.2135,23,5,DNF,VCU,33.5,50.8,35.1,42.8,1.028,0.884
2017,60.098,351,58.8864,351,109.116,63,113.686,38,91.0938,4,87.0194,1,26.6671,7,5,DNF,Virginia,26.4,52.7,39.3,39.6,1.064,0.888
2015,69.1384,20,67.9793,24,113.252,34,113.252,34,94.4993,31,94.4993,31,18.7531,23,5,DNF,West Virginia,24,48.3,34.2,46.8,1.007,1.092
2016,70.0436,117,68.3189,151,117.368,16,117.368,16,95.4851,29,95.4851,29,21.8831,16,6,DNF,Arizona,25.9,49.1,38.9,39,1.061,0.915
2014,63.9036,293,61.1487,329,118.684,8,118.684,8,100.799,100,100.799,100,17.8854,30,6,DNF,Baylor,39.6,54.3,38.4,42.7,1.111,1.03
2015,64.5773,190,63.0408,234,110.554,60,110.554,60,90.9269,9,90.9269,9,19.6267,21,6,DNF,Butler,32.2,54.8,35.8,41.6,1.035,0.911
2017,65.3743,323,63.7687,327,112.406,26,114.215,35,92.6982,10,91.8982,10,22.3165,22,6,DNF,Cincinnati,34.5,53.3,35,38.2,1.105,0.891
2017,72.5417,45,70.8829,48,112.19,30,115.639,32,100.347,94,96.0487,40,19.5902,27,6,DNF,Creighton,20.2,48,33.3,45.8,0.969,1.063
2017,67.8486,253,67.0658,221,108.151,80,113.565,40,100.798,105,98.7271,64,14.838,45,6,DNF,Maryland,22.2,46.6,37.4,46.4,1.071,1.055
2014,71.7433,15,70.3142,13,109.841,86,109.841,86,95.6537,37,95.6537,37,14.1875,49,6,DNF,Massachusetts,28.2,48,30.7,45,0.916,1.024
2014,69.9584,44,69.426,17,111.545,54,111.545,54,93.1571,16,93.1571,16,18.3881,29,6,DNF,North Carolina,30.3,50.3,29.5,43.4,0.917,1.045
2016,65.4047,326,64.933,312,119.69,9,119.69,9,103.709,155,103.709,155,15.9813,37,6,DNF,Notre Dame,27.9,49,32.2,47,0.991,1.081
2014,65.0252,249,64.0434,222,109.354,94,109.354,94,87.6797,3,87.6797,3,21.6743,15,6,DNF,Ohio St.,29.7,50.8,35.8,45.1,1.078,1.057
2015,65.7165,130,64.8656,133,112.954,38,112.954,38,95.3871,43,95.3871,43,17.5673,28,6,DNF,Providence,29.6,45.4,33.1,44,0.943,0.98
2016,70.6797,93,69.4734,96,111.433,63,111.433,63,93.7641,19,93.7641,19,17.6691,30,6,DNF,Seton Hall,27.2,50.8,34.3,44.8,1.026,1.017
2017,63.8434,344,63.5675,330,116.641,8,120.073,11,93.8224,13,94.8141,28,25.2591,11,6,DNF,SMU,29.5,50.9,31.6,39,0.993,0.914
2015,62.9487,275,62.8424,244,113.524,31,113.524,31,95.4867,45,95.4867,45,18.0372,26,6,DNF,SMU,33.6,52.6,32.1,37.8,0.978,0.847
2016,66.9315,279,65.1637,309,112.821,46,112.821,46,95.7146,34,95.7146,34,17.1061,32,6,DNF,Texas,29.9,49,33.9,41.9,1.038,0.99
2015,66.0436,118,65.1714,112,115.283,18,115.283,18,96.6313,55,96.6313,55,18.6517,24,6,DNF,Xavier,29.1,52.8,34.9,43.8,1.072,0.986
2017,69.3093,186,68.5788,138,109.246,61,112.3,49,95.9768,31,96.6262,45,15.6735,36,7,DNF,Dayton,27.1,51.2,31.2,44,0.972,0.98
2016,68.781,189,67.8498,177,106.934,135,106.934,135,93.5907,18,93.5907,18,13.3434,56,7,DNF,Dayton,31.9,50.8,34.3,45.6,0.984,1.016
2016,69.2986,154,68.812,129,116.298,24,116.298,24,94.9421,23,94.9421,23,21.3563,19,7,DNF,Iowa,28.3,49.6,37.2,42.1,1.073,0.993
2015,64.3968,196,63.3054,218,113.359,33,113.359,33,95.1085,40,95.1085,40,18.251,25,7,DNF,Iowa,26,48.8,40,42.5,1.099,1.005
2017,63.6862,347,62.8409,339,116.209,10,121.592,5,101.796,134,98.9742,69,22.618,21,7,DNF,Michigan,31.3,53.4,35.9,41.4,1.036,0.951
2014,65.6502,220,64.7417,182,113.782,34,113.782,34,96.2346,43,96.2346,43,17.5475,31,7,DNF,New Mexico,31.9,51.4,35.4,46.3,1.001,1.06
2014,69.9984,43,67.8101,49,118.258,9,118.258,9,99.4749,80,99.4749,80,18.783,27,7,DNF,Oregon,30.7,51,37.9,43.5,1.109,1.024
2016,68.5821,194,67.1452,221,110.836,72,110.836,72,98.3992,62,98.3992,62,12.4371,60,7,DNF,Oregon St.,26.7,49.1,32.8,41,0.99,0.999
2017,60.8363,350,59.2901,350,118.452,3,118.894,15,92.6317,9,94.2568,26,24.6377,14,7,DNF,Saint Mary's,24.6,45.4,32,48.3,0.954,1.119
2014,69.4218,52,67.2135,64,110.262,78,110.262,78,95.2735,33,95.2735,33,14.9889,41,7,DNF,Texas,38.7,54.8,32.4,39.9,1.038,0.98
2015,66.6676,87,66.5049,61,110.62,59,110.62,59,94.1043,24,94.1043,24,16.5157,31,7,DNF,VCU,30.1,48.9,34.1,43.4,1.041,0.941
2015,60.9344,330,61.4547,297,114.962,21,114.962,21,93.3065,17,93.3065,17,21.6555,15,7,DNF,Wichita St.,24.2,48.7,33.2,45.7,0.97,1.044
2016,64.0913,343,63.2633,343,111.769,57,111.769,57,95.4038,28,95.4038,28,16.3651,33,7,DNF,Wisconsin,23.1,51.2,36.8,42.8,1.088,1.027
2017,71.4812,75,69.4151,96,111.441,36,116.639,26,103.717,180,101.04,97,15.5987,38,8,DNF,Arkansas,22.6,45.1,36.6,47.9,1.057,1.099
2015,59.4013,343,59.2099,341,108.353,82,108.353,82,94.1045,25,94.1045,25,14.2488,41,8,DNF,Cincinnati,27.9,48.7,40.2,48.8,1.012,1.145
2016,71.0226,80,68.9529,121,108.785,98,108.785,98,95.1948,26,95.1948,26,13.5905,54,8,DNF,Colorado,33.6,55.6,38.9,41.8,1.031,0.966
2014,67.2652,136,65.097,163,107.9,117,107.9,117,95.4275,35,95.4275,35,12.4727,60,8,DNF,Colorado,33.5,54.5,32,42.9,1.028,0.985
2014,66.503,171,64.5603,194,113.594,37,113.594,37,92.9558,15,92.9558,15,20.6386,22,8,DNF,Gonzaga,33,53,35,39.9,1.025,0.991
2014,70.5843,26,67.8621,48,111.252,62,111.252,62,96.3212,44,96.3212,44,14.9304,43,8,DNF,Memphis,26,45.9,32,44.8,0.919,1.058
2017,64.8294,332,62.9821,338,106.563,108,110.386,68,98.2915,56,93.4254,21,16.9602,32,8,DNF,Miami FL,29.7,50.2,29.5,42.3,1.027,0.981
2015,64.4741,194,63.8463,177,114.001,29,114.001,29,98.6377,81,98.6377,81,15.3629,37,8,DNF,North Carolina St.,29.9,49.9,35.2,43.8,1.005,1.027
2017,66.2996,304,65.1075,300,107.189,94,111.189,58,98.4895,59,95.6778,35,15.511,39,8,DNF,Northwestern,28,50.8,32.8,40.9,0.944,0.989
2015,67.7766,51,66.1195,73,114.457,26,114.457,26,101.273,122,101.273,122,13.1844,52,8,DNF,Oregon,29.1,50.9,34.3,38.5,1.024,0.893
2016,70.4815,99,70.3117,68,113.435,38,113.435,38,98.7988,63,98.7988,63,14.6358,43,8,DNF,Saint Joseph's,21.9,45,32.2,45.5,0.911,1.093
2015,60.2494,339,59.9465,335,104.401,159,104.401,159,88.1829,6,88.1829,6,16.2186,32,8,DNF,San Diego St.,35.1,55.1,36.6,38.2,1.073,0.923
2016,66.9205,280,65.9989,272,113.846,35,113.846,35,99.1212,73,99.1212,73,14.7244,42,8,DNF,Texas Tech,30.8,51.8,33.6,41.9,1.032,0.978
2016,72.8841,29,71.1914,46,113.901,34,113.901,34,99.116,72,99.116,72,14.7848,41,8,DNF,USC,26.9,51,36.5,40.7,1.008,0.968
2017,64.5856,339,63.2884,333,110.209,50,113.589,39,94.0971,16,91.2963,8,22.2926,23,8,DNF,Wisconsin,23.3,50.4,37.8,44.9,1.093,1.085
2016,70.1183,112,67.7286,186,117.318,17,117.318,17,101.468,115,101.468,115,15.8497,39,9,DNF,Butler,30.4,52.6,38.7,43.1,1.111,0.982
2016,65.806,321,64.1147,332,110.035,87,110.035,87,92.8755,12,92.8755,12,17.1593,31,9,DNF,Cincinnati,23.8,43.4,31.7,52,1.001,1.136
2016,66.4159,298,65.7403,288,111.651,61,111.651,61,92.899,13,92.899,13,18.752,27,9,DNF,Connecticut,27.6,51.4,36.3,38.2,1.064,0.916
2014,68.2202,101,65.8095,122,110.212,79,110.212,79,95.9821,42,95.9821,42,14.2297,48,9,DNF,George Washington,28.2,49.4,33,45.4,1,1.041
2014,65.7266,218,63.6653,242,108.305,113,108.305,113,93.9099,22,93.9099,22,14.3949,46,9,DNF,Kansas St.,36,55.3,34.5,41.6,1.125,0.996
2015,69.7441,13,69.0966,13,108.743,75,108.743,75,94.7996,34,94.7996,34,13.9432,47,9,DNF,LSU,29.2,50.9,32.5,44.3,0.897,1.01
2017,68.2354,244,66.7308,240,104.856,146,110.569,66,99.8615,78,95.5936,34,14.9753,43,9,DNF,Michigan St.,21.8,46.3,30.9,44.1,0.945,1.028
2015,64.1568,213,62.7105,254,111.825,48,111.825,48,95.6458,49,95.6458,49,16.1789,34,9,DNF,Oklahoma St.,27.7,49.4,35.9,46.8,1.047,1.082
2014,69.4362,51,66.9981,73,115.772,21,115.772,21,94.2393,23,94.2393,23,21.5328,16,9,DNF,Oklahoma St.,23.8,45.7,36.6,49.2,1.035,1.105
2014,62.9019,330,62.7245,286,116.412,17,116.412,17,94.8924,31,94.8924,31,21.5198,17,9,DNF,Pittsburgh,30.1,51.4,36.4,45.2,1.05,1.087
2016,69.85,130,68.4903,143,109.321,93,109.321,93,95.7275,35,95.7275,35,13.5932,53,9,DNF,Providence,27.9,46.1,27.2,45.7,0.855,1.005
2015,65.0474,159,63.9932,167,110.824,57,110.824,57,96.8436,58,96.8436,58,13.9802,46,9,DNF,Purdue,24.5,47.8,31.7,45.5,0.928,1.111
2017,68.913,210,67.2845,215,104.876,145,109.8,76,100.769,104,95.8517,37,13.9487,53,9,DNF,Seton Hall,29.6,51.1,30.5,43.8,0.957,0.973
2015,67.392,65,66.1943,68,110.125,63,110.125,63,95.8018,51,95.8018,51,14.3233,40,9,DNF,St. John's,24.4,47.4,33.4,43.9,0.974,0.984
2017,67.1757,282,65.5596,283,105.957,120,112.303,48,100.9,111,96.065,41,16.2376,34,9,DNF,Vanderbilt,23,50.1,37.7,42.3,1.038,0.993
2017,69.9367,151,68.2782,162,112.502,25,117.358,21,106.185,229,102.419,125,14.9395,44,9,DNF,Virginia Tech,29.4,49.7,30.4,45.5,0.847,1.054
2014,69.0126,68,67.6129,57,110.175,80,110.175,80,94.7808,29,94.7808,29,15.3941,37,10,DNF,Arizona St.,35,56.1,35.6,38.1,1.087,0.865
2014,73.5115,6,71.172,5,114.713,27,114.713,27,99.9591,88,99.9591,88,14.7544,44,10,DNF,BYU,33.3,53.4,37.3,43,1.099,1.012
2015,67.2527,69,66.5178,60,120.481,7,120.481,7,103.662,166,103.662,166,16.8188,30,10,DNF,Davidson,26.5,49.9,31.8,45.1,0.932,1.042
2015,64.7737,173,63.6563,194,109.524,66,109.524,66,94.1302,27,94.1302,27,15.3937,36,10,DNF,Georgia,28.4,49.2,34.5,47.6,1.043,1.071
2015,66.8559,79,66.0482,76,119.285,10,119.285,10,105.478,201,105.478,201,13.8074,50,10,DNF,Indiana,23.5,47.3,34.9,45.9,1.07,1.057
2017,71.0408,92,69.9346,78,115.653,11,120.943,7,105.356,219,103.371,153,17.5711,28,10,DNF,Marquette,18.7,44.8,33.3,46,0.976,1.111
2015,66.193,109,65.1703,113,115.312,17,115.312,17,94.3058,29,94.3058,29,21.0066,16,10,DNF,Ohio St.,26.2,50.1,39.2,42.7,1.188,0.989
2017,72.5806,44,70.289,64,116.954,7,124.834,1,107.54,259,102.73,134,22.1043,24,10,DNF,Oklahoma St.,26.5,50.7,32.7,40.6,1.068,0.964
2016,66.4386,296,65.557,295,115.484,28,115.484,28,99.2827,75,99.2827,75,16.2013,35,10,DNF,Pittsburgh,26,49.5,32.2,43.3,0.973,1.058
2014,66.108,194,64.4393,203,111.261,61,111.261,61,98.2332,60,98.2332,60,13.0273,55,10,DNF,Saint Joseph's,30.5,49.1,32.9,45.1,0.986,1.072
2014,67.0989,145,65.271,152,113.435,38,113.435,38,97.4392,56,97.4392,56,15.9959,34,10,DNF,Stanford,29.1,50.4,34.2,40.7,1.033,0.953
2016,66.0022,313,65.9852,273,106.619,141,106.619,141,98.2712,60,98.2712,60,8.34785,95,10,DNF,Temple,21.8,45.9,36.2,48.7,1.031,1.116
2017,68.8475,215,68.1834,169,106.826,102,110.018,73,95.0426,20,95.716,36,14.3025,52,10,DNF,VCU,28.9,51.9,33.6,41.8,1.044,0.923
2016,69.9071,128,69.4498,97,110.984,69,110.984,69,94.769,22,94.769,22,16.2152,34,10,DNF,VCU,31.8,52,36.1,43.4,1.076,0.928
2017,69.6587,163,68.6272,135,117.578,6,119.636,12,90.085,2,93.2236,19,26.4121,8,10,DNF,Wichita St.,22.3,48,35,47,1.012,1.091
2015,62.3307,295,62.8256,248,111.769,50,111.769,50,97.7869,65,97.7869,65,13.9824,45,11,DNF,Boise St.,25.6,51.3,39.1,41.9,1.079,0.941
2015,69.6639,14,69.7923,6,119.356,9,119.356,9,101.562,129,101.562,129,17.7947,27,11,DNF,BYU,31.7,53.1,38.5,44.2,1.121,0.999
2015,64.3804,197,63.3147,216,108.983,72,108.983,72,95.0972,39,95.0972,39,13.8856,49,11,DNF,Dayton,30,50.8,35.1,42.7,0.981,0.969
2014,65.7334,216,63.8792,232,113.694,35,113.694,35,100.71,99,100.71,99,12.9838,56,11,DNF,Dayton,30.1,50.9,38,45.4,1.008,1.033
2016,68.325,212,67.1988,215,116.44,22,116.44,22,97.1644,47,97.1644,47,19.2756,26,11,DNF,Gonzaga,29.8,52.2,36.6,38.4,0.992,0.977
2014,70.2372,37,69.1598,23,120.152,5,120.152,5,99.1218,73,99.1218,73,21.0299,20,11,DNF,Iowa,24.6,46.4,39.6,45.4,1.148,1.062
2017,67.6069,268,66.1487,266,105.897,122,112.038,50,98.5579,60,94.4839,27,17.5538,29,11,DNF,Kansas St.,30.5,52.6,36.7,42.2,1.034,1.021
2016,65.9924,314,65.9134,276,115.094,29,115.094,29,100.54,98,100.54,98,14.5538,44,11,DNF,Michigan,29.1,51.9,36.6,43,1.113,0.983
2015,66.5662,93,65.6482,89,114.568,24,114.568,24,100.141,103,100.141,103,14.4267,38,11,DNF,Mississippi,27.2,47.9,37.2,44.1,1.039,0.966
2014,65.3012,236,64.698,188,108.82,105,108.82,105,95.6836,38,95.6836,38,13.1363,54,11,DNF,Nebraska,30.9,52.1,35,46.1,1.017,1.051
2016,63.7045,346,62.3968,346,108.298,104,108.298,104,98.2039,58,98.2039,58,10.0945,76,11,DNF,Northern Iowa,23.5,45.3,30.9,45,0.902,1.059
2017,67.7701,262,66.3485,259,103.256,174,108.021,108,98.2869,55,95.1217,33,12.8992,56,11,DNF,Providence,21.9,44.2,34.9,46.7,0.956,1.042
2014,64.9039,252,63.2914,257,114.031,30,114.031,30,99.2945,75,99.2945,75,14.7367,45,11,DNF,Providence,29.3,46.5,33.9,46.4,0.945,1.065
2017,67.321,275,66.1243,268,108.7,71,110.668,64,96.1015,33,95.0527,32,15.6156,37,11,DNF,Rhode Island,29.2,55,40.6,41.3,1.109,0.93
2014,62.935,328,62.0374,310,115.185,25,115.185,25,93.4414,19,93.4414,19,21.7438,14,11,DNF,Tennessee,33.1,53.9,35.7,41.5,1.049,0.972
2015,63.0775,269,61.7245,288,112.877,40,112.877,40,92.759,13,92.759,13,20.1184,20,11,DNF,Texas,37.5,56,33.9,36.8,1.032,0.918
2016,69.0244,172,68.4348,146,111.352,66,111.352,66,99.564,82,99.564,82,11.788,62,11,DNF,Tulsa,25.6,48.7,32.9,41.6,1.041,0.981
2015,67.5367,60,65.4935,98,112.266,45,112.266,45,98.1315,72,98.1315,72,14.1346,42,11,DNF,UCLA,32.4,51.5,29.5,43.6,0.985,1.001
2017,70.8167,103,68.8968,116,110.855,43,112.508,46,102.912,161,100.168,86,12.3407,61,11,DNF,USC,30.2,48.8,28.5,44.9,0.884,1.052
2016,69.19,163,67.7217,187,114.458,30,114.458,30,94.5381,21,94.5381,21,19.9195,23,11,DNF,Vanderbilt,25.9,50.9,38.8,38.6,1.077,0.945
2017,71.6922,65,70.4705,58,115.266,13,120.873,8,109.04,293,103.6,160,17.2722,30,11,DNF,Wake Forest,29,51.5,38.2,47.3,1.043,1.046
2016,66.1715,307,65.8499,283,111.743,58,111.743,58,90.5918,5,90.5918,5,21.1508,20,11,DNF,Wichita St.,24.5,50.7,35.9,45.4,1.1,1.031
2017,68.3481,239,67.1917,219,108.762,70,114.744,33,103.983,189,99.4255,73,15.3189,40,11,DNF,Xavier,33.4,54.8,34,45.2,1.062,1.015
2016,64.0516,344,63.2633,342,108.951,95,108.951,95,95.6244,32,95.6244,32,13.3265,57,12,DNF,Arkansas Little Rock,25.9,44.6,30.3,43.9,0.842,1.047
2015,68.8703,24,68.4522,19,111.344,53,111.344,53,99.0045,90,99.0045,90,12.339,57,12,DNF,Buffalo,32.3,52.1,34,42.2,1.059,0.964
2016,67.4188,253,66.1763,263,107.156,129,107.156,129,99.7384,86,99.7384,86,7.41784,104,12,DNF,Chattanooga,27.3,46.4,30.1,46.1,0.867,1.091
2014,64.5519,272,64.1253,217,112.027,50,112.027,50,94.7095,28,94.7095,28,17.3178,32,12,DNF,Harvard,22.3,46.5,37.6,45.9,1.002,1.009
2017,66.0809,311,64.2498,314,111.884,33,111.64,55,95.4354,28,96.9823,47,14.6582,48,12,DNF,Middle Tennessee,23.5,48.5,38,46.5,1.142,1.004
2017,70.915,97,69.6483,88,112.28,29,114.477,34,99.7493,75,101.135,100,13.3415,55,12,DNF,Nevada,22.9,50.1,34.3,45.7,0.955,1.024
2014,64.7835,258,64.734,184,113.205,39,113.205,39,102.658,130,102.658,130,10.5467,73,12,DNF,North Carolina St.,32.2,50.6,38.1,45.4,1.063,1.081
2014,64.0705,288,63.0184,271,116.004,20,116.004,20,103.42,149,103.42,149,12.5832,59,12,DNF,North Dakota St.,29.9,47.8,28.3,44.4,0.931,1.051
2017,64.6464,337,63.1679,336,109.696,55,109.396,84,95.041,19,96.8962,46,12.5002,59,12,DNF,Princeton,23.4,45.8,33.4,48.9,1.049,1.054
2016,68.629,191,68.2819,155,110.826,73,110.826,73,101.245,109,101.245,109,9.58182,80,12,DNF,South Dakota St.,29.8,50.2,35.7,47.4,0.989,1.12
2015,67.8623,47,65.2365,110,114.494,25,114.494,25,100.484,109,100.484,109,14.0106,44,12,DNF,Stephen F. Austin,29.7,50.1,29.9,42.4,0.923,0.965
2014,65.1297,244,61.7091,315,111.44,56,111.44,56,100.651,98,100.651,98,10.7884,70,12,DNF,Stephen F. Austin,28.6,52.1,38.1,42,1.057,0.993
2017,70.2375,132,70.0795,69,118.069,4,117.706,19,105.225,213,105.319,189,12.3867,60,12,DNF,UNC Wilmington,23.4,47.9,31.6,42.9,0.898,1.004
2015,62.1234,301,60.5424,319,104.909,146,104.909,146,98.5115,77,98.5115,77,6.39782,100,12,DNF,Wofford,27.4,50.8,37.1,42,1.037,0.946
2015,58.3804,348,58.648,344,104.478,158,104.478,158,98.0741,69,98.0741,69,6.40364,99,12,DNF,Wyoming,19.9,49.5,32.3,40.7,1.004,0.93
2014,65.7549,213,64.4463,202,113.691,36,113.691,36,98.6757,65,98.6757,65,15.0151,40,12,DNF,Xavier,32.5,53.2,35.5,42.7,1.065,1.002
2016,66.9779,276,65.9753,274,109.51,91,109.51,91,95.6837,33,95.6837,33,13.8265,51,12,DNF,Yale,38.1,57.8,37.1,40.8,1.079,0.92
2017,70.4393,120,69.6888,87,108.236,78,109.074,86,96.036,32,100.358,89,8.71601,80,13,DNF,Bucknell,26.3,49.2,33.8,45.3,1.002,1.06
2014,70.8447,25,70.5569,10,111.299,59,111.299,59,105.513,189,105.513,189,5.78601,109,13,DNF,Delaware,26.8,49.8,38.1,46.8,1.111,1.041
2017,71.5356,73,70.0234,71,109.91,54,107.974,109,96.2229,35,96.4902,44,11.4836,64,13,DNF,East Tennessee St.,30.2,52,37.5,43.3,1.135,0.983
2015,68.4313,33,67.9604,25,112.165,46,112.165,46,109.197,281,109.197,281,2.96737,135,13,DNF,Eastern Washington,27.7,48.6,31.5,39.7,0.986,0.953
2015,61.0411,326,61.137,309,103.686,173,103.686,173,94.9442,36,94.9442,36,8.74154,80,13,DNF,Harvard,21.4,46.9,32.6,44.9,0.932,0.984
2016,71.2522,75,70.5206,59,108.243,106,108.243,106,96.5071,39,96.5071,39,11.736,63,13,DNF,Hawaii,27.5,51.4,39.1,41.2,0.967,0.977
2016,72.3431,42,71.7927,33,110.602,78,110.602,78,102.768,138,102.768,138,7.8333,99,13,DNF,Iona,24.3,50,29.9,41.9,0.931,0.961
2014,70.3644,34,68.0296,44,106.544,136,106.544,136,96.9886,52,96.9886,52,9.55527,77,13,DNF,Manhattan,21.6,44.5,32.9,47.6,0.933,1.103
2014,66.9142,152,65.3613,146,112.746,44,112.746,44,102.113,123,102.113,123,10.6331,71,13,DNF,New Mexico St.,24.7,48.7,32.9,41.3,0.872,0.996
2016,67.5992,245,66.9582,237,107.481,122,107.481,122,98.9433,70,98.9433,70,8.53773,92,13,DNF,Stony Brook,29.8,52.1,32.7,41.2,0.961,0.971
2014,68.7516,73,67.1059,68,105.972,153,105.972,153,96.6323,46,96.6323,46,9.33939,79,13,DNF,Tulsa,32.8,51.7,36.8,44.3,1.041,1.027
2015,64.0405,221,63.3775,210,105.818,127,105.818,127,98.9592,88,98.9592,88,6.85898,96,13,DNF,UC Irvine,30.5,50.3,32,44,1,0.989
2016,70.5306,95,70.1618,75,110.051,86,110.051,86,100.792,101,100.792,101,9.25855,82,13,DNF,UNC Wilmington,26.7,50.2,34.5,43.6,0.975,1.012
2015,63.183,264,62.1996,270,106.629,114,106.629,114,95.6594,50,95.6594,50,10.9697,64,13,DNF,Valparaiso,32.9,54.5,38.1,38.8,1.045,0.912
2017,65.2644,326,64.3336,313,112.739,23,110.832,61,96.2827,36,98.9477,67,11.8847,63,13,DNF,Vermont,28.8,52.6,36.7,43,1.103,0.944
2017,71.226,85,70.9519,44,108.867,68,106.436,136,97.0163,41,101.809,111,4.62694,112,13,DNF,Winthrop,33.7,54.6,35.5,40.6,1.08,0.912
2015,61.2078,322,60.7359,318,106.463,116,106.463,116,103.431,161,103.431,161,3.03231,134,14,DNF,Albany,31.3,53.8,36,42,1.04,0.956
2016,72.3903,41,71.9828,28,105.541,163,105.541,163,102.83,140,102.83,140,2.71119,141,14,DNF,Buffalo,30.8,51.8,33.5,43.6,1.026,1.017
2017,67.7999,260,65.2507,298,111.909,32,109.563,81,102.889,160,104.547,171,5.016,108,14,DNF,Florida Gulf Coast,33.6,53.4,33.9,43.1,1.094,1.007
2016,70.1189,111,68.9375,123,107.084,130,107.084,130,100.385,95,100.385,95,6.69862,106,14,DNF,Fresno St.,32,52.3,34.7,44.2,1.066,1.007
2015,64.3117,203,62.5745,259,110.463,61,110.463,61,100.687,112,100.687,112,9.77537,73,14,DNF,Georgia St.,35.2,53.3,35,39.9,1.032,0.943
2016,76.8253,5,76.1219,5,108.225,107,108.225,107,104.236,170,104.236,170,3.98885,127,14,DNF,Green Bay,22.2,45.9,27.4,44.7,0.856,1.016
2017,72.4396,48,70.4839,57,110.079,52,110.197,69,103.915,186,106.195,202,4.00176,118,14,DNF,Iona,19.4,46.5,33.9,42.1,0.938,0.995
2017,70.382,124,68.2714,163,105.728,126,104.421,169,101.445,125,102.687,132,1.73415,141,14,DNF,Kent St.,27.7,49.1,36.1,42.5,1.036,0.967
2014,70.9898,21,68.8604,29,109.939,84,109.939,84,104.85,171,104.85,171,5.08877,114,14,DNF,Louisiana Lafayette,35.8,54.1,35.7,44.2,1.025,1.066
2014,65.9941,203,63.9334,226,108.78,106,108.78,106,101.313,109,101.313,109,7.46633,98,14,DNF,Mercer,31.1,47.5,30.2,45.1,0.946,1.075
2017,69.516,175,67.51,206,110.733,45,110.052,71,97.215,42,102.738,135,7.31463,88,14,DNF,New Mexico St.,24.4,52.6,33.9,44.4,1.04,1.026
2014,64.3021,280,62.708,287,107.276,128,107.276,128,98.9836,71,98.9836,71,8.29208,89,14,DNF,North Carolina Central,33.2,49.4,30.3,42.4,1.052,1.033
2015,63.5304,250,63.0556,233,107.892,90,107.892,90,103.071,156,103.071,156,4.82045,119,14,DNF,Northeastern,39,53.6,25.8,41.8,0.909,1.017
2016,69.1402,164,67.4268,207,111.339,67,111.339,67,96.9336,43,96.9336,43,14.405,45,14,DNF,Stephen F. Austin,25.6,52,32.8,41.5,1.067,0.963
2015,65.4962,142,64.4025,150,104.585,156,104.585,156,101.758,134,101.758,134,2.82779,138,14,DNF,UAB,35.9,51.8,32.7,40.3,1.02,0.933
2014,66.6172,165,65.2493,155,106.443,137,106.443,137,102.024,122,102.024,122,4.41973,124,14,DNF,Western Michigan,31.9,51.8,34.4,40.4,1.053,0.94
2014,60.7947,343,59.8927,343,103.925,193,103.925,193,98.0491,59,98.0491,59,5.87548,107,15,DNF,American,25.4,50.8,38.2,41.1,1.025,0.939
2015,67.4806,61,66.5706,57,109.115,70,109.115,70,107.619,245,107.619,245,1.49515,149,15,DNF,Belmont,26.7,50.4,37.9,45,1.074,1.021
2016,68.1166,224,67.6197,192,103.37,188,103.37,188,96.8714,42,96.8714,42,6.49871,107,15,DNF,Cal St. Bakersfield,25,48.3,30.2,45.2,0.951,1.031
2014,67.1179,143,64.6059,192,111.315,58,111.315,58,108.295,244,108.295,244,3.01993,137,15,DNF,Eastern Kentucky,27.4,49.6,32,46.9,0.979,1.086
2017,64.9709,331,63.5728,329,105.63,128,105.363,153,103.909,185,104.78,177,0.583245,158,15,DNF,Jacksonville St.,32.8,51,29.8,43.8,0.943,1
2016,69.2026,161,67.5556,197,103.144,194,103.144,194,99.21,74,99.21,74,3.93408,128,15,DNF,Middle Tennessee,22.8,49.3,38.4,44.8,1.11,1.017
2014,67.5933,123,65.9973,114,104.63,181,104.63,181,104.266,164,104.266,164,0.3633,163,15,DNF,Milwaukee,32.1,53.7,39.8,40.3,1.11,0.957
2015,62.7648,282,62.9742,238,106.825,113,106.825,113,99.8197,101,99.8197,101,7.0055,94,15,DNF,New Mexico St.,25.2,52.4,37.1,40.6,0.98,0.937
2017,72.5927,43,71.25,38,106.471,111,102.854,202,100.326,93,103.166,144,-0.311268,173,15,DNF,North Dakota,33.1,52.3,37.6,43.1,1.056,1.012
2015,61.4249,317,60.2617,326,102.68,194,102.68,194,102.079,140,102.079,140,0.601364,157,15,DNF,North Dakota St.,30.2,49.4,34,42.8,0.984,0.985
2017,70.1039,138,67.8323,194,106.891,100,106.647,132,102.563,151,105.311,188,1.33605,147,15,DNF,Northern Kentucky,28.5,51.2,33.4,47.7,0.982,1.064
2015,64.5564,191,62.9114,242,103.049,182,103.049,182,106.918,227,106.918,227,-3.8688,214,15,DNF,Texas Southern,29.1,52.3,38.2,44.1,1.058,1.04
2017,69.173,196,68.0509,175,109.346,60,109.892,74,104.153,193,107.217,223,2.67571,130,15,DNF,Troy,28.4,50.8,36.1,43.3,1.071,1.021
2016,70.5102,96,70.1811,74,103.529,185,103.529,185,99.3166,76,99.3166,76,4.21193,122,15,DNF,UNC Asheville,22.3,48.6,35.9,42.4,0.905,0.967
2016,68.5252,197,66.9958,231,103.593,183,103.593,183,100.851,103,100.851,103,2.74146,140,15,DNF,Weber St.,31.7,50.9,31.6,44,1.002,1.069
2014,62.4555,338,60.7578,335,100.924,241,100.924,241,102.947,141,102.947,141,-2.02301,191,15,DNF,Wofford,29.4,50.2,35.9,44.8,1.023,0.987
2014,63.0949,324,61.7185,314,102.179,218,102.179,218,103.893,157,103.893,157,-1.71363,187,16,DNF,Albany,30.6,52.3,36.4,41.9,1.008,0.974
2016,70.3103,102,69.3154,105,104.005,177,104.005,177,109.104,264,109.104,264,-5.09934,219,16,DNF,Austin Peay,30.2,51.1,34.9,46.3,1.032,1.064
2014,60.6512,344,58.8564,347,103.247,202,103.247,202,103.846,156,103.846,156,-0.599368,172,16,DNF,Cal Poly,29.2,47.9,33.5,43.9,0.995,1.039
2015,64.7621,174,63.6717,192,105.424,136,105.424,136,103.803,169,103.803,169,1.6211,147,16,DNF,Coastal Carolina,33.3,53.9,35.4,40.5,1.061,0.974
2014,68.4563,86,65.898,117,97.0064,299,97.0064,299,102.979,142,102.979,142,-5.97261,236,16,DNF,Coastal Carolina,32.2,52.6,32,40.4,0.989,0.968
2016,71.8212,56,71.1346,48,104.836,168,104.836,168,114.583,334,114.583,334,-9.74686,270,16,DNF,Fairleigh Dickinson,22.8,52.1,35.9,40.6,1.045,0.925
2016,69.0003,175,66.5831,247,102.917,199,102.917,199,104.307,175,104.307,175,-1.39023,179,16,DNF,Florida Gulf Coast,32.3,51.3,31.2,40.9,1.021,0.952
2016,71.8773,53,71.2725,44,99.7519,258,99.7519,258,106.561,209,106.561,209,-6.80879,241,16,DNF,Hampton,30.2,52.3,36.7,42.4,1.054,0.952
2015,69.1423,18,68.6346,18,96.0398,304,96.0398,304,104.551,180,104.551,180,-8.51136,270,16,DNF,Hampton,24.2,46.7,34.6,44.7,1.028,1.043
2016,64.729,338,63.6033,338,97.0369,306,97.0369,306,108.525,251,108.525,251,-11.4879,286,16,DNF,Holy Cross,30.3,51.3,35.5,43.8,1.073,1.012
2015,64.6123,185,64.3104,153,112.691,41,112.691,41,114.45,335,114.45,335,-1.75874,188,16,DNF,Lafayette,33.6,53.7,34.4,43,1.022,0.96
2015,67.9411,46,67.2455,36,101.932,215,101.932,215,101.19,119,101.19,119,0.742583,155,16,DNF,Manhattan,20.1,44.9,32.5,49,0.882,1.093
2017,68.6019,229,66.8082,236,99.3625,255,98.9775,270,99.4208,68,103.211,150,-4.23312,213,16,DNF,Mount St. Mary's,33,51,29.2,44.2,0.921,0.974
2014,70.175,38,68.4474,37,107.491,124,107.491,124,111.241,292,111.241,292,-3.75021,207,16,DNF,Mount St. Mary's,34.7,50.4,26.1,43.4,0.985,0.995
2017,68.5799,230,66.1458,267,101.904,201,100.844,240,99.4903,69,101.362,102,-0.517773,178,16,DNF,New Orleans,31.3,51.9,30.6,43.6,0.969,0.986
2017,68.1792,246,66.3643,255,107.657,87,102.796,204,93.6945,12,101.835,112,0.961015,153,16,DNF,North Carolina Central,27.6,50.1,35.6,45,1.046,1.073
2015,67.5625,59,66.7256,54,108.032,88,108.032,88,105.12,193,105.12,193,2.91181,137,16,DNF,North Florida,29.3,49.9,33.1,46.9,1.01,1.037
2015,66.7335,85,65.0415,123,102.327,205,102.327,205,103.869,171,103.869,171,-1.54229,183,16,DNF,Robert Morris,23.7,48,37.2,44.3,0.978,1.009
2017,69.2887,187,67.0521,223,110.093,51,110.782,63,111.611,330,112.116,308,-1.33359,187,16,DNF,South Dakota St.,29.3,50.5,35.2,44.4,1.053,1.077
2016,69.4786,146,68.9507,122,100.906,236,100.906,236,106.217,202,106.217,202,-5.31079,223,16,DNF,Southern,34.1,52.8,35.3,40.1,1.03,0.932
2017,69.3789,184,68.4526,150,106.57,107,103.622,187,102.692,154,107.286,227,-3.66476,207,16,DNF,Texas Southern,28.9,52.3,36.7,43.3,1.08,0.988
2014,67.8244,113,65.8018,124,106.018,151,106.018,151,112.768,321,112.768,321,-6.75033,248,16,DNF,Texas Southern,28.5,46.3,34.9,52.8,1.022,1.143
2017,69.6431,165,68.4821,143,98.5122,275,97.8508,292,97.7913,49,102.603,126,-4.75235,218,16,DNF,UC Davis,31.7,52,35.5,44.5,1.053,1.008
2014,63.998,291,63.2017,263,106.025,150,106.025,150,106.516,211,106.516,211,-0.49027,170,16,DNF,Weber St.,27.6,49.1,32.9,42.7,1.005,1.023
