Season	Team	AdjTempo	RankAdjTempo	AdjOE	RankAdjOE	AdjDE	RankAdjDE	AdjEM	RankAdjEM	seed	offensivereboundingpct	totalreboundingpercentage	opponentftmper100possessions	threepointpct	opponentshootingpct	winpctclosegames	opponenteffectivefieldgoalpct	pointsfrom3pointers	pointsfrom2pointers	winpctallgames	freethrowpct	freethrowsmadepergame	RPIRank	Class	R64	R32	S16	E8	FF	CG	C
2010	Duke	64.9637	202	119.296	4	87.7467	5	31.5489	2	1	39.5	54.1	18.915	38.5	40.2	0.5	43.7	22.9	38.2	0.849	75.9	17.2	3	C	YES	YES	YES	YES	YES	YES	YES
2010	Kansas	66.6569	115	119.854	2	87.3419	4	32.5121	1	1	37.2	54.6	17.625	40.9	37.7	1	43	21.8	42.6	0.941	70.1	17.4	1	R32	YES	YES	NO	NO	NO	NO	NO
2010	Kentucky	67.5908	73	114.384	23	89.4743	8	24.9097	8	1	40.4	55.6	16.727	34.4	38	1	43.3	18.1	43.9	0.939	68	17.3	2	E8	YES	YES	YES	YES	NO	NO	NO
2010	Syracuse	68.6909	41	118.167	7	90.5783	17	27.5886	3	1	36.8	52.5	13.742	38.5	39.9	1	46.2	20.2	46.7	0.875	67.1	14.6	5	S16	YES	YES	YES	NO	NO	NO	NO
2011	Duke	69.1256	38	118.637	6	89.0891	5	29.5475	2	1	33.6	52.1	16.039	37.3	40.2	0.5	44.1	23.9	40.2	0.879	75.4	17.1	4	S16	YES	YES	YES	NO	NO	NO	NO
2011	Kansas	68.9821	40	119.505	5	90.8029	12	28.7018	3	1	36.2	55.6	19.279	38.7	39.7	1	44.7	21.8	44.6	0.941	68.1	15.9	1	E8	YES	YES	YES	YES	NO	NO	NO
2011	Ohio State	64.4098	241	123.643	1	91.4115	14	32.232	1	1	34.4	54.2	12.251	41.2	42.6	0.857	48.5	22.2	40.2	0.939	70.8	14.9	2	S16	YES	YES	YES	NO	NO	NO	NO
2011	Pittsburgh	62.2651	312	119.627	4	92.2012	21	27.4261	4	1	41.9	57.5	18.159	39	39.8	0.556	45.1	17.6	40.4	0.844	67.2	16	10	R32	YES	YES	NO	NO	NO	NO	NO
2012	Kentucky	64.0843	183	120.566	2	88.8382	6	31.7277	1	1	37.8	55.3	14.761	38	36.6	0.75	41.4	17.2	43.5	0.97	72.3	16.4	1	C	YES	YES	YES	YES	YES	YES	YES
2012	Michigan St	63.9032	190	115.088	17	86.2697	1	28.8179	3	1	36.3	56.4	19.452	36.4	37.7	0.333	43	16.3	41	0.788	70.1	15	5	S16	YES	YES	YES	NO	NO	NO	NO
2012	N Carolina	70.0151	11	117.11	8	90.8369	13	26.2727	6	1	39	56.8	12.717	34.3	38.8	0.6	44.4	15.2	50	0.879	67.6	16.8	3	E8	YES	YES	YES	YES	NO	NO	NO
2012	Syracuse	64.1527	177	116.026	13	90.5173	12	25.5085	7	1	35.7	49.1	16.455	34.5	38.5	0.857	44	19.2	42.3	0.939	69.1	13	2	E8	YES	YES	YES	YES	NO	NO	NO
2013	Gonzaga	62.4727	236	120.831	3	91.8845	20	28.9467	4	1	37	55.1	16.475	36.4	38.2	0.833	44.2	18.7	42.2	0.938	71.2	16	6	R32	YES	YES	NO	NO	NO	NO	NO
2013	Indiana	65.7072	85	122.482	1	92.5582	27	29.9242	3	1	38.8	55.3	16.223	41.1	39	0.5	44	21.9	39.2	0.818	74.5	18.9	8	S16	YES	YES	YES	NO	NO	NO	NO
2013	Kansas	65.5441	93	113.253	24	87.8314	5	25.4211	6	1	33.1	54.5	18.962	36.7	36	0.667	41.5	18.1	41.2	0.853	73.3	16.1	5	S16	YES	YES	YES	NO	NO	NO	NO
2013	Louisville	65.2907	107	114.313	17	83.1717	1	31.1411	2	1	37.9	52.6	16.666	33.1	38.8	0.556	44	17.5	40.1	0.853	71.1	16	3	C	YES	YES	YES	YES	YES	YES	YES
2014	Arizona	63.1175	267	115.193	24	84.7964	1	30.3964	2	1	35	56.1	19.296	35.6	38.1	0.727	42.2	15.9	41.9	0.882	65.5	15.3	1	E8	YES	YES	YES	YES	NO	NO	NO
2014	Florida	61.5519	317	116.216	18	88.4056	4	27.8106	3	1	34.5	53.7	17.396	36.6	40	0.857	45.3	20.5	35.2	0.939	66.6	15.4	2	FF	YES	YES	YES	YES	YES	NO	NO
2014	Virginia	59.6528	345	113.85	31	87.4218	2	26.4285	4	1	32.6	54.8	17.703	36.3	38.5	0.625	43.9	16.5	35.2	0.818	66.4	14	11	S16	YES	YES	YES	NO	NO	NO	NO
2014	Wichita St	63.5718	245	117.117	15	91.937	11	25.1804	8	1	34.3	55.6	18.409	34.7	39.3	1	44.8	20.5	35.8	1	72.9	18.6	4	R32	YES	YES	NO	NO	NO	NO	NO
2015	Duke	65.6368	90	124.253	3	94.9453	37	29.3074	6	1	36	54.3	14.836	38.6	42.9	0.75	47.4	22.7	42.1	0.879	69.1	15.8	6	C	YES	YES	YES	YES	YES	YES	YES
2015	Kentucky	61.9696	278	121.27	6	83.8367	1	37.4333	1	1	39.7	55.4	16.688	34.4	35.2	1	39.5	16.2	41.2	1	72.1	17.4	1	FF	YES	YES	YES	YES	YES	NO	NO
2015	Villanova	63.8347	178	122.473	4	91.5163	11	30.9562	4	1	31.6	51.6	16.545	38.9	40.5	0.833	45.5	27	32.6	0.941	72.7	16.6	3	R32	YES	YES	NO	NO	NO	NO	NO
2015	Wisconsin	58.0767	347	126.815	1	93.2904	16	33.5251	2	1	31.1	55.3	12.215	35.2	41.6	0.667	46.4	20.4	37	0.909	76.1	14.2	4	CG	YES	YES	YES	YES	YES	YES	NO
2016	Kansas	68.811	130	120.379	7	90.575	4	29.804	1	1	30.5	53	21.542	42.2	40	1	45.3	24.4	40.1	0.879	70.6	15.9	1	E8	YES	YES	YES	YES	NO	NO	NO
2016	N Carolina	71.0747	51	121.139	4	93.1009	14	28.0379	4	1	39.3	55.6	17.264	31.4	41	0.5	47.4	16.1	50.8	0.824	73.8	15.3	5	CG	YES	YES	YES	YES	YES	YES	NO
2016	Oregon	68.0532	163	119.63	10	96.8455	41	22.7847	13	1	32.4	51.9	18.301	35.1	42.9	0.5	49	21	40.6	0.818	71.6	16.9	2	E8	YES	YES	YES	YES	NO	NO	NO
2016	Virginia	60.6947	351	120.224	8	91.1288	6	29.0952	3	1	29.3	53	18.594	40.4	42.1	0.4	48.7	18	39.5	0.788	75.4	12.9	3	E8	YES	YES	YES	YES	NO	NO	NO
2017	Gonzaga	70.022	72	120.711	10	87.6571	2	33.0538	1	1	28	55.3	14.376	38.2	36.8	1	41.5	21.9	46.1	0.97	73.8	16.5	8	CG	YES	YES	YES	YES	YES	YES	NO
2017	Kansas	70.2533	66	120.833	9	94.8585	30	25.975	10	1	33.6	52.8	18.288	40.5	41.9	0.75	47.9	26.2	41.7	0.875	66.6	14.9	3	E8	YES	YES	YES	YES	NO	NO	NO
2017	N Carolina	70.6955	54	122.075	4	94.0654	25	28.0091	3	1	41	58.2	18.088	36.7	41.8	0.75	48.5	21.7	47.2	0.788	70.7	15.4	5	C	YES	YES	YES	YES	YES	YES	YES
2017	Villanova	63.9872	324	122.753	3	91.9756	12	30.7772	2	1	29	52.9	13.002	37	41.8	0.8	48.1	26.5	36.1	0.912	79.4	15.1	1	R32	YES	YES	NO	NO	NO	NO	NO
2010	Kansas St	69.501	27	115.425	17	90.4885	16	24.9367	7	2	39.7	53.8	24.233	35.6	41.9	0.5	46.9	20.2	39.1	0.781	66.5	20.2	6	E8	YES	YES	YES	YES	NO	NO	NO
2010	Ohio State	64.023	239	117.429	9	91.9581	25	25.4713	6	2	27.2	51.4	15.347	38.2	41	0.5	47.3	21.5	38.8	0.788	68.8	13.4	26	S16	YES	YES	YES	NO	NO	NO	NO
2010	Villanova	71.172	11	118.572	5	95.5965	63	22.9755	12	2	36.7	53.8	26.217	37.6	40.7	0.625	47.2	23.1	39.8	0.774	75.1	19.6	12	R32	YES	YES	NO	NO	NO	NO	NO
2010	W Virginia	62.3139	297	117.329	10	91.5966	22	25.7322	4	2	41.1	54.9	21.862	33.6	42.4	0.7	47.7	20.8	36.7	0.818	69.6	15.5	4	FF	YES	YES	YES	YES	YES	NO	NO
2011	Florida	62.5758	309	114.555	23	95.0304	45	19.5245	21	2	36.6	54.4	14.236	35.6	42.6	0.667	47.6	18.6	39.8	0.812	66.9	13.8	7	E8	YES	YES	YES	YES	NO	NO	NO
2011	N Carolina	70.5943	18	110.652	50	89.1087	6	21.5431	16	2	35.7	54.1	13.713	33.5	40.1	0.833	45.8	16	45.6	0.812	66.3	15.7	6	E8	YES	YES	YES	YES	NO	NO	NO
2011	Notre Dame	63.3777	279	121.279	3	96.6246	61	24.6542	10	2	32	53.2	15.995	39.2	40.9	1	46.7	24.3	34	0.812	72.5	17.7	8	R32	YES	YES	NO	NO	NO	NO	NO
2011	San Diego St	62.8786	298	113.834	26	88.2242	3	25.6096	7	2	36.6	54.2	17.21	33.6	39.4	1	43.9	17.3	40.6	0.938	70	13.1	3	S16	YES	YES	YES	NO	NO	NO	NO
2012	Duke	65.6315	107	117.909	6	97.043	71	20.8659	13	2	33.5	51.8	18.552	37.6	43.3	0.636	47.1	24.4	35.3	0.818	70.2	17.9	4	R64	YES	NO	NO	NO	NO	NO	NO
2012	Kansas	65.9779	91	116.066	12	89.1479	7	26.918	4	2	33.1	54.3	19.765	35.8	38.3	0.75	43.9	18	41.3	0.818	69.6	15.7	6	CG	YES	YES	YES	YES	YES	YES	NO
2012	Missouri	64.7708	141	124.486	1	97.8055	80	26.6802	5	2	29.4	50.6	15.139	39.6	44.2	0.833	49.8	24.7	39.5	0.882	76.6	16.1	10	R64	YES	NO	NO	NO	NO	NO	NO
2012	Ohio State	65.7505	100	117.705	7	87.8032	3	29.9016	2	2	34.8	55.5	15.398	32.9	40.4	0.429	46	14.6	45.6	0.818	69.8	14.9	7	FF	YES	YES	YES	YES	YES	NO	NO
2013	Duke	66.0764	70	119.646	4	92.9223	29	26.724	5	2	28.1	49	18.486	40.6	41.8	0.75	45.7	23.2	39.2	0.844	73.2	15.8	1	E8	YES	YES	YES	YES	NO	NO	NO
2013	Georgetown	59.9536	313	107.747	79	85.5846	2	22.1624	15	2	29.3	51.1	17.897	35.8	37.6	0.5	42.8	17.6	34.3	0.806	68	12.7	10	R64	YES	NO	NO	NO	NO	NO	NO
2013	Miami (FL)	61.2753	279	113.044	26	90.7587	16	22.2852	13	2	29.4	52.2	15.703	35.1	39.7	0.571	45.2	20	36.5	0.812	67.5	12.9	4	S16	YES	YES	YES	NO	NO	NO	NO
2013	Ohio State	62.2577	245	114.487	16	89.3191	8	25.1682	7	2	31.3	52.4	16.246	35.9	39.5	0.4	45.3	18.6	38.1	0.781	69.2	13.2	11	E8	YES	YES	YES	YES	NO	NO	NO
2014	Kansas	66.8907	78	119.974	6	94.5731	27	25.4011	5	2	36	55.3	24.578	34.5	41.6	0.429	47.1	16.7	43.6	0.727	71.1	19.2	3	R32	YES	YES	NO	NO	NO	NO	NO
2014	Michigan	61.5484	318	122.369	3	99.5935	82	22.7757	12	2	26.4	50.9	16.985	39.8	44.3	0.818	49.6	25.7	34.6	0.781	75.7	14.7	9	E8	YES	YES	YES	YES	NO	NO	NO
2014	Villanova	65.8913	118	117.154	14	91.8909	10	25.2627	7	2	32.5	52.8	21.327	36.1	40.7	0.875	46.5	27.1	33.4	0.875	71.2	18	5	R32	YES	YES	NO	NO	NO	NO	NO
2014	Wisconsin	62.7652	285	120.678	4	96.8522	50	23.8262	10	2	26.2	51	16.189	37.3	43.2	0.714	47.5	23.3	32.9	0.788	74.4	17.4	6	FF	YES	YES	YES	YES	YES	NO	NO
2015	Arizona	65.5943	94	118.227	11	85.9123	3	32.3143	3	2	33.7	56.6	18.895	36	39.2	0.571	44.3	15.2	43.3	0.912	69.9	18	5	E8	YES	YES	YES	YES	NO	NO	NO
2015	Gonzaga	64.2083	161	121.92	5	92.9958	15	28.9239	7	2	32.1	54.9	17.628	40.9	38.7	0.333	43.6	21.4	42.2	0.939	68.9	14.7	8	E8	YES	YES	YES	YES	NO	NO	NO
2015	Kansas	66.6617	56	114.271	28	90.5293	8	23.7421	12	2	33.2	52.6	19.044	37.5	39.5	0.583	44.4	17.5	36.7	0.765	71.9	17	2	R32	YES	YES	NO	NO	NO	NO	NO
2015	Virginia	57.5332	349	115.318	16	84.4292	2	30.8885	5	2	33.1	56.1	15.012	36.1	36.2	0.667	41.8	15.2	37.4	0.906	72.3	12.7	7	R32	YES	YES	NO	NO	NO	NO	NO
2016	Michigan St	66.3201	256	123.022	1	93.3408	16	29.6807	2	2	36.2	58.1	20.266	43.5	37.7	0.4	42.6	27.5	39.5	0.849	72.8	13.2	11	R64	YES	NO	NO	NO	NO	NO	NO
2016	Oklahoma	69.8681	84	117.285	18	92.4357	11	24.849	8	2	29.4	51.6	15.903	42.6	40.5	0.615	46.4	31.3	34.4	0.781	72.8	14.7	6	FF	YES	YES	YES	YES	YES	NO	NO
2016	Villanova	66.5578	248	118.299	15	91.552	7	26.7471	5	2	28.3	51.4	16.881	34.4	40	0.75	46.3	25.7	36.1	0.853	77.7	15.2	4	C	YES	YES	YES	YES	YES	YES	YES
2016	Xavier	71.9214	31	117.096	19	95.3858	27	21.71	18	2	33	54.9	19.202	36.2	41.6	0.5	47.9	22.8	39.6	0.844	73.1	19	7	R32	YES	YES	NO	NO	NO	NO	NO
2017	Arizona	65.6678	278	117.585	20	94.8418	29	22.7427	19	2	30.3	55.1	16.684	39.8	41.5	0.714	47.1	20.2	38.9	0.882	75.8	17.1	2	S16	YES	YES	YES	NO	NO	NO	NO
2017	Duke	67.9699	182	120.988	6	95.8991	39	25.0887	12	2	30.2	52	18.213	37.5	43.3	0.556	47.5	24.7	38.9	0.771	75.8	17.1	6	R32	YES	YES	NO	NO	NO	NO	NO
2017	Kentucky	72.7658	16	119.139	14	91.8728	9	27.2664	4	2	32.5	53.4	18.354	35.2	42.4	0.5	47.4	21.3	46.4	0.849	69.6	18.4	4	E8	YES	YES	YES	YES	NO	NO	NO
2017	Louisville	67.9905	180	117.179	23	90.4602	6	26.7186	6	2	35.6	53.9	21.707	35.9	39.6	0.625	45.1	21.4	41.6	0.75	68.5	14.6	7	R32	YES	YES	NO	NO	NO	NO	NO
2010	Baylor	64.0252	238	118.384	6	94.9837	56	23.4007	11	3	37.7	54.2	19.866	38.6	38.9	0.778	44.6	21.1	40.3	0.774	73.3	15.4	8	E8	YES	YES	YES	YES	NO	NO	NO
2010	Georgetown	65.0947	197	116.551	12	92.2687	29	24.2828	10	3	30.4	51.8	19.405	38.8	41.2	0.25	46.7	18.5	40.6	0.697	71.2	14.1	7	R64	YES	NO	NO	NO	NO	NO	NO
2010	New Mexico	67.1887	89	114.142	24	96.7568	70	17.3849	39	3	34.1	54	18.852	37.5	42.7	0.909	49.4	23.9	34.9	0.879	67.7	17.8	9	R32	YES	YES	NO	NO	NO	NO	NO
2010	Pittsburgh	60.3262	329	111.307	46	92.5315	31	18.7753	27	3	34.4	53.5	18.348	34.3	40	0.75	44.5	15.9	36.5	0.75	69.5	15.7	15	R32	YES	YES	NO	NO	NO	NO	NO
2011	BYU	70.3423	20	117.73	8	94.2638	38	23.4657	11	3	30	51.8	18.276	36.1	41.4	1	46.5	24.5	38.7	0.879	75.6	18	5	S16	YES	YES	YES	NO	NO	NO	NO
2011	Connecticut	65.3986	186	114.804	21	93.1006	27	21.703	15	3	38	52.7	16.533	33.2	40.1	0.75	45.3	17.5	40.3	0.743	75.5	15.6	14	C	YES	YES	YES	YES	YES	YES	YES
2011	Purdue	66.3974	132	115.013	19	89.4016	7	25.6115	6	3	30.1	51.1	17.398	36.7	41.3	0.4	45.8	20.8	37.5	0.781	71.2	14.3	12	R32	YES	YES	NO	NO	NO	NO	NO
2011	Syracuse	65.0381	212	114.248	25	91.6187	17	22.6298	13	3	34.8	52.6	16.308	35.2	39.3	0.75	45.5	19.1	41	0.788	65.9	13.5	18	R32	YES	YES	NO	NO	NO	NO	NO
2012	Baylor	64.8088	138	115.656	15	94.2364	29	21.4193	12	3	37	53.1	17.753	37.6	41.7	0.8	47.2	20.2	38.7	0.788	75.2	15.4	8	E8	YES	YES	YES	YES	NO	NO	NO
2012	Florida St	66.0495	88	107.767	80	89.7815	10	17.9858	23	3	35	52.7	19.211	34.7	38	0.636	43.7	18	38.1	0.719	70.3	13.8	17	R32	YES	YES	NO	NO	NO	NO	NO
2012	Georgetown	61.6397	290	109.993	55	89.6577	9	20.3352	15	3	34.9	53.9	19.55	34.3	38.6	0.556	42.9	16.4	37.5	0.733	69.6	14.5	14	R32	YES	YES	NO	NO	NO	NO	NO
2012	Marquette	69.187	16	112.422	29	93.0852	19	19.3365	19	3	32.8	49.8	17.207	33.7	40.6	0.857	45.8	17.1	41.6	0.781	72.1	17.2	9	S16	YES	YES	YES	NO	NO	NO	NO
2013	Florida	60.6898	295	118.162	6	86.1792	4	31.9831	1	3	33.7	53.9	15.742	38.2	37.4	0	42.4	24.9	36.1	0.812	68.7	10.9	7	E8	YES	YES	YES	YES	NO	NO	NO
2013	Marquette	62.8067	221	113.994	19	95.3386	51	18.6549	25	3	36.2	53.3	17.913	30.1	40.5	0.5	46.2	12.8	40.5	0.742	72.3	15.7	12	E8	YES	YES	YES	YES	NO	NO	NO
2013	Michigan St	62.5852	227	112.662	29	89.423	9	23.2393	10	3	33.8	54.4	17.561	34.4	39.8	0.615	45	14.9	38.8	0.75	71	13.8	9	S16	YES	YES	YES	NO	NO	NO	NO
2013	New Mexico	63.1277	204	110.537	47	89.8302	12	20.7068	16	3	27.4	51.5	14.215	35.4	38.8	0.8	45.5	19.2	31.1	0.853	72.2	17.1	2	R64	YES	NO	NO	NO	NO	NO	NO
2014	Creighton	63.9037	229	125.701	1	100.913	101	24.7882	9	3	25.8	52	19.424	42.2	42.2	0.8	48	31.1	34.2	0.788	75.2	14.2	10	R32	YES	YES	NO	NO	NO	NO	NO
2014	Duke	64.8311	178	124.75	2	99.4399	77	25.3098	6	3	32.7	51.6	21.534	39.1	45.4	0.667	49	26.6	35.8	0.788	72.7	16.7	7	R64	YES	NO	NO	NO	NO	NO	NO
2014	Iowa State	70.4795	11	116.764	16	95.8121	39	20.9515	21	3	26.3	50.9	19.143	35.1	41.4	0.833	47.1	24.9	41.9	0.788	69.4	16	8	S16	YES	YES	YES	NO	NO	NO	NO
2014	Syracuse	59.7435	344	114.707	28	93.2029	17	21.5042	18	3	38	52.7	19.236	33.5	41.2	0.7	48.3	15	38.1	0.844	70.3	15	16	R32	YES	YES	NO	NO	NO	NO	NO
2015	Baylor	61.2742	302	117.192	13	93.7123	21	23.4796	13	3	40.6	55.2	17.328	38.2	40.5	0.667	45.8	21	33.9	0.719	66.7	14.2	10	R64	YES	NO	NO	NO	NO	NO	NO
2015	Iowa State	69.3108	10	120.166	8	97.135	61	23.031	14	3	27	50.9	15.185	36.6	41.8	0.667	47.9	23.4	39.9	0.758	69.6	15.1	9	R64	YES	NO	NO	NO	NO	NO	NO
2015	Notre Dame	63.2851	222	124.623	2	100.552	110	24.0703	10	3	26.2	50.1	14.407	39.2	42.7	0.7	48.1	24.8	39.1	0.853	74	15	15	E8	YES	YES	YES	YES	NO	NO	NO
2015	Oklahoma	66.9861	47	111.785	49	87.6854	4	24.1001	9	3	29.1	50.9	15.877	34.3	38.5	0.375	43.7	20.2	37.6	0.688	73.5	14.1	18	S16	YES	YES	YES	NO	NO	NO	NO
2016	Miami (FL)	65.897	278	118.848	12	95.9995	36	22.848	11	3	29.1	51.9	17.197	36.6	43	0.667	48	20.5	38.6	0.781	75.1	16.5	9	S16	YES	YES	YES	NO	NO	NO	NO
2016	Texas A&M	66.5488	249	114.159	32	92.3528	8	21.8057	17	3	33.6	52.6	17.007	35.3	40.4	0.6	46.8	23.2	37.8	0.788	67.3	14.9	17	S16	YES	YES	YES	NO	NO	NO	NO
2016	Utah	65.2107	307	115.673	27	97.5601	51	18.1129	28	3	28.4	52.6	14.934	36	41.5	0.778	47.4	22.5	38.7	0.758	71.7	15.3	8	R32	YES	YES	NO	NO	NO	NO	NO
2016	W Virginia	69.3697	101	116.39	23	90.4754	3	25.9146	6	3	41.3	56	26.301	32.9	42.8	0.8	48.8	18.2	42.4	0.765	67	18.6	10	R64	YES	NO	NO	NO	NO	NO	NO
2017	Baylor	63.0844	337	117.289	22	92.281	14	25.0078	13	3	38.4	56	18.538	35.3	39.8	0.6	45.2	19.8	38.3	0.774	71.2	13.5	11	S16	YES	YES	YES	NO	NO	NO	NO
2017	Florida St	70.7622	52	116.738	25	93.9951	24	22.7426	20	3	33.6	52.5	21.172	35.6	41.2	0.625	47.4	20.6	45.8	0.758	69.2	16.1	13	R32	YES	YES	NO	NO	NO	NO	NO
2017	Oregon	66.7169	242	117.728	18	93.9002	22	23.8276	16	3	30.3	52.2	15.794	37.9	40.4	0.667	46.1	25.8	38.7	0.849	70.6	14.1	9	FF	YES	YES	YES	YES	YES	NO	NO
2017	UCLA	73.179	14	122.757	2	99.8057	78	22.9515	18	3	28	52.7	15.027	40.5	41.9	0.833	48.4	29.7	47.6	0.879	74.5	13	16	S16	YES	YES	YES	NO	NO	NO	NO
2010	Maryland	68.1243	61	117.599	8	94.8962	53	22.7026	13	4	33.9	50	17.426	38.8	39	0.6	44.3	17.6	46.5	0.733	72.3	15.1	23	R32	YES	YES	NO	NO	NO	NO	NO
2010	Purdue	65.4793	181	110.762	48	88.1665	6	22.5959	14	4	29	49.5	20.189	31.9	40.3	0.857	45.4	16.1	38.9	0.844	72.6	16.1	16	S16	YES	YES	YES	NO	NO	NO	NO
2010	Vanderbilt	68.4945	48	113.609	25	96.0838	66	17.5253	37	4	31.2	50.4	18.392	36.9	41.7	0.75	47	18.4	39.9	0.742	72.7	19.3	24	R64	YES	NO	NO	NO	NO	NO	NO
2010	Wisconsin	58.6587	339	115.399	18	89.8348	10	25.564	5	4	29.4	51.7	19.723	36.1	41.8	0.4	46	22.9	31.9	0.742	73.5	12.6	21	R32	YES	YES	NO	NO	NO	NO	NO
2011	Kentucky	65.932	163	117.76	7	92.4889	23	25.2715	9	4	34	53.1	18.916	39.6	39.1	0.143	44	22.2	39.2	0.75	71.3	15.2	9	FF	YES	YES	YES	YES	YES	NO	NO
2011	Louisville	66.988	98	111.247	45	88.3769	4	22.87	12	4	34.2	50.3	21.928	36.1	39.5	0.6	44.5	26.4	36.9	0.735	66.9	12	17	R64	YES	NO	NO	NO	NO	NO	NO
2011	Texas	65.8605	166	114.882	20	88.1564	1	26.7252	5	4	36	54.4	17.701	37.7	38.3	0.286	42	17.1	41.5	0.794	64.5	16.3	11	R32	YES	YES	NO	NO	NO	NO	NO
2011	Wisconsin	56.891	344	121.946	2	96.348	58	25.5977	8	4	33.5	53.1	19.528	37.1	42.9	0.5	48.3	24.2	31.6	0.742	82.4	12.4	16	S16	YES	YES	YES	NO	NO	NO	NO
2012	Indiana	66.0427	89	119.547	5	97.0081	68	22.5388	11	4	33.5	53.4	19.077	43.3	42.1	0.667	47.7	19.2	39.2	0.758	76.2	18.9	16	S16	YES	YES	YES	NO	NO	NO	NO
2012	Louisville	65.9921	90	105.207	127	86.3916	2	18.8157	20	4	34.7	51.3	18.572	31.1	37.9	0.5	42.9	17.7	36.7	0.743	68.6	14.5	13	FF	YES	YES	YES	YES	YES	NO	NO
2012	Michigan	59.5682	329	113.975	22	95.8679	51	18.1066	22	4	26.6	49.2	17.805	35.3	43	0.778	48.8	24.4	31.5	0.719	72.2	10.9	12	R64	YES	NO	NO	NO	NO	NO	NO
2012	Wisconsin	57.0497	344	111.961	31	88.662	4	23.2991	8	4	29.3	51.8	17.158	36.1	38.3	0.571	41.8	22.8	29	0.727	74.1	12	22	S16	YES	YES	YES	NO	NO	NO	NO
2013	Kansas St	60.9899	286	113.291	23	95.0325	46	18.2582	27	4	37.6	51.6	19.835	35.9	42.7	0.833	47.4	20.5	35.7	0.788	68.9	12.5	18	R64	YES	NO	NO	NO	NO	NO	NO
2013	Michigan	62.8699	217	120.868	2	95.8775	66	24.9907	9	4	30.1	52.1	13.427	37.5	42.1	0.571	47.9	22	40.6	0.781	71	11.7	17	CG	YES	YES	YES	YES	YES	YES	NO
2013	Saint Louis	63.0796	207	108.951	64	88.6822	6	20.269	18	4	26.1	50.4	17.688	34.6	41.5	0.5	46	18.6	34.2	0.812	70.9	16.2	20	R32	YES	YES	NO	NO	NO	NO	NO
2013	Syracuse	62.6287	225	114.546	15	91.9806	23	22.5652	12	4	38.6	52.7	19.093	33.4	37.7	0.556	43.6	18.2	39.3	0.743	67.5	13.9	14	FF	YES	YES	YES	YES	YES	NO	NO
2014	Louisville	67.4981	58	119.102	7	88.5345	6	30.5677	1	4	36.6	52.2	19.732	37.1	39.4	0.5	43.8	24.2	41.7	0.853	65.9	16.2	19	S16	YES	YES	YES	NO	NO	NO	NO
2014	Michigan St	64.3969	205	118.203	10	94.4143	24	23.7886	11	4	32.1	53.7	22.215	39.8	40.3	0.556	46.4	24.7	38.1	0.758	69	13.4	21	E8	YES	YES	YES	YES	NO	NO	NO
2014	San Diego St	62.8054	281	109.055	99	89.2312	7	19.8236	24	4	34.2	52.9	17.264	33.9	39.6	1	44.4	14.2	37.6	0.871	66.5	16.5	15	S16	YES	YES	YES	NO	NO	NO	NO
2014	UCLA	68.6469	33	118.14	11	95.8826	41	22.2575	13	4	28.2	51.6	19.128	39.1	42.9	0.5	50.1	19.1	45.4	0.765	74.9	17.3	14	S16	YES	YES	YES	NO	NO	NO	NO
2015	Georgetown	63.7582	185	113.166	37	93.597	19	19.5694	22	4	33.2	52.1	24.002	34.7	40.3	0.545	46.6	17.5	36.7	0.677	70.2	16.5	25	R32	YES	YES	NO	NO	NO	NO	NO
2015	Louisville	64.8006	134	108.601	78	88.176	5	20.4245	19	4	34.1	51.9	18.139	30.4	38.8	0.6	43.4	17	37.6	0.75	66	14.6	21	E8	YES	YES	YES	YES	NO	NO	NO
2015	Maryland	63.7514	187	111.125	55	94.9328	35	16.1924	33	4	27.2	51.1	15.964	37.2	39.6	0.889	45.4	21.9	30.3	0.818	75.7	17.3	11	R32	YES	YES	NO	NO	NO	NO	NO
2015	N Carolina	69.0232	14	117.921	12	94.1249	26	23.7959	11	4	38.5	55.5	21.092	34.5	39.8	0.571	45.3	14.3	48.7	0.686	70.1	14.9	12	S16	YES	YES	YES	NO	NO	NO	NO
2016	California	68.0218	165	112.902	45	93.2625	15	19.6396	25	4	30.7	54.5	21.758	36.9	39.3	0.5	44	21.2	38.4	0.697	65.6	15.5	16	R64	YES	NO	NO	NO	NO	NO	NO
2016	Duke	67.5008	202	121.786	3	99.7328	85	22.0532	14	4	31.8	49.9	15.247	38.7	44.5	0.4	49.4	27.8	36.3	0.697	72.2	17.3	20	S16	YES	YES	YES	NO	NO	NO	NO
2016	Iowa State	71.0322	54	121.033	5	99.9576	88	21.0754	21	4	25.8	49.9	14.566	38	43.5	0.364	49.5	24.8	45.8	0.656	70.6	11.2	22	S16	YES	YES	YES	NO	NO	NO	NO
2016	Kentucky	66.9955	232	122.508	2	97.3082	48	25.1996	7	4	36.8	54	23.724	36.9	39.9	0.333	44.9	20.5	43.5	0.758	68.4	15.6	12	R32	YES	YES	NO	NO	NO	NO	NO
2017	Butler	65.3305	294	117.971	17	97.0613	49	20.9097	26	4	26.2	50.6	20.496	36.3	44.4	0.6	50.7	22.9	38.3	0.742	74	15	14	S16	YES	YES	YES	NO	NO	NO	NO
2017	Florida	68.8208	121	115.851	31	89.4618	4	26.3891	9	4	30	51.3	19.022	36.2	40.8	0.375	45.7	23.2	37.7	0.75	72.6	17.3	10	E8	YES	YES	YES	YES	NO	NO	NO
2017	Purdue	68.8912	117	116.912	24	92.6889	16	24.2236	15	4	29.2	55	13.717	40.6	41.3	0.6	46.7	27	37.9	0.781	76.4	15.2	20	S16	YES	YES	YES	NO	NO	NO	NO
2017	W Virginia	69.8998	79	116.472	28	89.6731	5	26.7991	5	4	36.9	51.8	20.164	36.1	42.4	0.444	48.7	22.7	42.9	0.765	67.8	16.4	24	S16	YES	YES	YES	NO	NO	NO	NO
2010	Butler	63.243	272	110.745	49	90.7154	18	20.0295	22	5	29.5	53	19.257	34.2	41.4	0.875	46.3	20.2	31.9	0.875	74.8	17.9	11	CG	YES	YES	YES	YES	YES	YES	NO
2010	Michigan St	65.5206	178	112.268	37	91.9702	26	20.2975	20	5	39.7	56.7	17.422	33.3	40.5	0.571	46.5	14.3	44.2	0.75	68.1	14	28	FF	YES	YES	YES	YES	YES	NO	NO
2010	Temple	59.9751	333	107.306	93	86.2797	2	21.0266	17	5	31	53.2	16.148	33.6	37.7	0.8	42.2	17.5	37.1	0.849	68.4	10.6	10	R64	YES	NO	NO	NO	NO	NO	NO
2010	Texas A&M	64.0152	240	112.093	38	91.9447	24	20.1487	21	5	32.7	51.7	20.719	33.6	41.2	0.6	46.9	18.7	34.8	0.71	66.3	17.8	13	R32	YES	YES	NO	NO	NO	NO	NO
2011	Arizona	65.5658	176	115.936	14	97.0522	67	18.8834	24	5	31.9	53	19.415	39.9	44.3	0.75	48.4	23.8	34.9	0.794	74.7	17.8	19	E8	YES	YES	YES	YES	NO	NO	NO
2011	Kansas St	66.786	112	109.524	61	92.0845	20	17.4393	30	5	40	54.7	23.746	37.4	42.2	0.667	47	21.2	35.6	0.677	65.1	15.9	22	R32	YES	YES	NO	NO	NO	NO	NO
2011	Vanderbilt	66.882	104	115.206	17	97.7687	78	17.437	31	5	32	51.6	17.123	37	41	0.375	45.7	23.4	34.4	0.697	74.7	18.4	27	R64	YES	NO	NO	NO	NO	NO	NO
2011	W Virginia	62.7344	304	113.313	27	93.145	28	20.1684	18	5	38.7	52.5	20.577	33.5	40.9	0.455	45.6	18.8	34.8	0.645	70.6	15.9	21	R32	YES	YES	NO	NO	NO	NO	NO
2012	New Mexico	65.0743	132	110.405	49	90.4523	11	19.9522	18	5	32.3	54.4	17.409	38.5	38.4	0.667	44.1	23.1	34.3	0.812	71.3	15.2	26	R32	YES	YES	NO	NO	NO	NO	NO
2012	Temple	65.2739	124	114.086	21	98.5508	92	15.5352	35	5	30.6	50.8	19.042	40.2	43.7	0.875	48.5	21.9	40	0.774	71.8	14.2	19	R64	YES	NO	NO	NO	NO	NO	NO
2012	Vanderbilt	63.9958	187	114.775	18	94.4476	30	20.3275	16	5	31.1	50.8	17.189	39.1	42	0.5	46.8	26.2	32.1	0.697	69.9	14.7	24	R32	YES	YES	NO	NO	NO	NO	NO
2012	Wichita St	65.0878	130	116.963	10	93.7271	22	23.2362	9	5	32.5	54.8	18.51	37	39.6	0.667	44.7	21	40.8	0.839	75.3	15.1	11	R64	YES	NO	NO	NO	NO	NO	NO
2013	Oklahoma St	65.3529	103	109.664	60	90.2456	14	19.4182	20	5	30.5	51.2	19.173	31.6	39	0.75	44.5	16.7	38.4	0.75	75	17.2	27	R64	YES	NO	NO	NO	NO	NO	NO
2013	UNLV	67.0633	45	106.858	101	89.633	10	17.2254	31	5	32.4	53.8	17.153	32.7	39	0.6	44	19.5	36.9	0.727	70.6	14.7	22	R64	YES	NO	NO	NO	NO	NO	NO
2013	VCU	65.764	82	113.747	22	94.4178	40	19.3295	21	5	37.1	49.9	19.709	35.6	44.4	0.6	49.9	24.3	40.4	0.788	70.1	13.3	24	R32	YES	YES	NO	NO	NO	NO	NO
2013	Wisconsin	59.9822	312	108.829	66	85.8206	3	23.008	11	5	32	52.9	14.945	33.8	39.4	0.625	43.1	22.6	32.8	0.697	63.5	10.8	28	R64	YES	NO	NO	NO	NO	NO	NO
2014	Cincinnati	61.2764	327	109.197	96	90.1186	9	19.0788	26	5	38.1	53	18.823	33.5	39.4	0.8	44.6	17.5	35.9	0.818	70.9	15.4	18	R64	YES	NO	NO	NO	NO	NO	NO
2014	Oklahoma	69.9669	16	117.886	12	99.4806	81	18.4058	28	5	30.7	51	22.098	37.9	43.5	0.667	49.4	25.6	38.2	0.719	75	18.4	27	R64	YES	NO	NO	NO	NO	NO	NO
2014	Saint Louis	65.5822	137	105.599	160	89.8073	8	15.792	35	5	26.6	50.7	18.88	32	40.3	0.7	44	17.1	37.2	0.806	71.1	15.8	25	R32	YES	YES	NO	NO	NO	NO	NO
2014	VCU	69.3132	18	108.679	109	88.4655	5	20.2135	23	5	33.5	50.8	19.331	35.1	42.8	0.4	47.3	22.5	37.6	0.788	67.7	15.3	12	R64	YES	NO	NO	NO	NO	NO	NO
2015	Arkansas	69.1346	11	114.941	22	97.964	67	16.9767	29	5	34.4	50.5	20.986	35.1	42.8	0.636	48.3	20.3	41.5	0.788	72.6	16.7	19	R32	YES	YES	NO	NO	NO	NO	NO
2015	N Iowa	58.014	348	115.17	19	94.2192	28	20.9503	17	5	24.5	52	15.896	39.8	39.1	0.75	45.1	22	29.9	0.909	72.6	13.5	14	R32	YES	YES	NO	NO	NO	NO	NO
2015	Utah	60.3923	322	116.433	14	89.5299	7	26.9035	8	5	30.3	53.4	18.962	40.2	38.2	0.4	42.7	23.1	33.3	0.742	70.2	15.3	20	S16	YES	YES	YES	NO	NO	NO	NO
2015	W Virginia	67.9793	24	113.252	34	94.4993	31	18.7531	23	5	39	52.3	25.029	31.8	46.8	0.714	52.7	20	37.5	0.719	66	16.5	24	S16	YES	YES	YES	NO	NO	NO	NO
2016	Baylor	66.4547	251	118.756	13	98.8407	65	19.9152	24	5	39.5	55.4	20.806	37.4	44.8	0.667	51	18.6	41.2	0.656	72.7	16.5	25	R64	YES	NO	NO	NO	NO	NO	NO
2016	Indiana	67.7325	185	120.855	6	98.0589	55	22.7957	12	5	36.5	55.3	16.091	41.5	44.2	0.375	49.5	29.6	38.6	0.781	72.3	14	24	S16	YES	YES	YES	NO	NO	NO	NO
2016	Maryland	67.2907	212	116.294	25	95.5806	31	20.7136	22	5	27.7	52.4	16.157	37.6	41	0.556	46.7	23.2	37.5	0.75	75.9	14.8	15	S16	YES	YES	YES	NO	NO	NO	NO
2016	Purdue	67.5995	195	117	20	92.4061	10	24.5939	9	5	33.4	57.9	16.867	37.2	39.1	0.6	44.2	23.3	39.8	0.788	74	15.1	14	R64	YES	NO	NO	NO	NO	NO	NO
2017	Iowa State	68.1638	171	119.541	13	96.4283	43	23.113	17	5	24	47.5	15.296	40.2	42.8	0.583	49	29.9	38.9	0.697	69.6	12.1	22	R32	YES	YES	NO	NO	NO	NO	NO
2017	Minnesota	69.3901	97	109.574	80	92.9833	18	16.5907	33	5	27.4	50.8	16.655	34.5	39.8	0.625	44.9	18.5	40	0.727	70.7	16.8	21	R64	YES	NO	NO	NO	NO	NO	NO
2017	Notre Dame	67.0898	220	118.891	16	97.7973	57	21.0939	25	5	24.8	48.7	16.43	38.6	43.1	0.7	48.9	28.2	36.3	0.735	79.9	13.5	23	R32	YES	YES	NO	NO	NO	NO	NO
2017	Virginia	58.8864	351	113.686	38	87.0194	1	26.6671	7	5	26.4	52.7	18.419	39.3	39.6	0.429	45.8	21	35.8	0.688	70.8	9.8	18	R32	YES	YES	NO	NO	NO	NO	NO
2010	Marquette	61.8892	304	114.599	22	94.1043	46	20.4947	19	6	28.8	49.1	16.335	40.6	44.7	0.5	49.3	23.8	34.7	0.667	74	14.5	50	R64	YES	NO	NO	NO	NO	NO	NO
2010	Notre Dame	62.3372	296	119.809	3	101.439	152	18.3693	30	6	32	52.5	17.995	39.4	43.5	0.417	49.4	22.5	37.8	0.676	72.3	15.8	49	R64	YES	NO	NO	NO	NO	NO	NO
2010	Tennessee	67.6684	69	106.604	106	89.2115	7	17.3928	38	6	30.4	50.5	21.705	31.3	39.4	0.8	44.9	17.6	41.8	0.758	66.9	14.2	14	E8	YES	YES	YES	YES	NO	NO	NO
2010	Xavier	68.8639	37	114.769	20	94.9437	54	19.8256	23	6	33.2	53.6	17.96	37.2	41.1	0.545	45.7	20.9	41.2	0.75	71.3	17.9	18	S16	YES	YES	YES	NO	NO	NO	NO
2011	Cincinnati	63.2667	283	109.822	58	90.218	9	19.6039	19	6	37.2	53.4	19.078	33.9	41.1	0.667	45.8	19.3	35.5	0.758	66.6	14.2	35	R32	YES	YES	NO	NO	NO	NO	NO
2011	Georgetown	63.7784	263	114.287	24	95.2916	48	18.9952	22	6	31.7	51.9	21.658	36	41.8	0.714	46.6	21.1	36.8	0.677	73.2	13.1	13	R64	YES	NO	NO	NO	NO	NO	NO
2011	St Johns	66.3588	138	110.496	52	93.6698	31	16.8263	33	6	32.2	50.1	21.17	33	43.1	0.667	50.5	12.8	40.2	0.656	71.1	17.1	24	R64	YES	NO	NO	NO	NO	NO	NO
2011	Xavier	64.8622	226	112.808	32	96.2683	57	16.5395	35	6	31.3	53.3	20.652	33.3	40.2	0.667	46.2	16.5	38.2	0.774	74.8	17.9	23	R64	YES	NO	NO	NO	NO	NO	NO
2012	Cincinnati	61.9205	278	109.258	61	94.1152	27	15.1423	37	6	35	50.1	14.526	34.3	41.2	0.667	46.1	21.4	35.8	0.706	64.1	11.2	44	S16	YES	YES	YES	NO	NO	NO	NO
2012	Murray St	64.2846	170	110.21	51	95.1414	42	15.069	38	6	33.8	50.9	18.463	40.7	42.1	0.8	46.1	22.3	34.4	0.964	72.8	17.5	20	R32	YES	YES	NO	NO	NO	NO	NO
2012	San Diego St	65.1097	128	107.254	90	94.7608	36	12.4935	51	6	29.4	52.7	16.571	33.9	40.5	0.75	46.6	16.7	39.2	0.774	70.2	14.2	27	R64	YES	NO	NO	NO	NO	NO	NO
2012	UNLV	67.7911	33	109.975	56	93.9097	24	16.0655	32	6	31.7	51.9	18.295	37.3	40.7	0.556	46.1	24.9	36.8	0.75	68.4	14.2	18	R64	YES	NO	NO	NO	NO	NO	NO
2013	Arizona	64.9417	124	114.263	18	93.7326	34	20.5305	17	6	34.3	54.4	17.919	36.3	41.5	0.625	47	23	34.8	0.781	74.8	15.6	15	S16	YES	YES	YES	NO	NO	NO	NO
2013	Butler	62.5561	229	110.071	51	95.2626	49	14.8086	48	6	34.6	55.6	20.588	34.3	41.8	0.667	46.9	19.6	34.8	0.758	68.9	14	23	R32	YES	YES	NO	NO	NO	NO	NO
2013	Memphis	67.7883	28	108.62	68	91.9204	21	16.6993	34	6	35	53.5	18.625	37.9	40.5	0.8	45.6	18.5	42.8	0.882	66.6	14.6	13	R32	YES	YES	NO	NO	NO	NO	NO
2013	UCLA	67.4331	34	111.467	36	96.3046	68	15.1624	43	6	28	48.9	14.072	33.9	42.2	0.846	47.1	14.7	45.5	0.735	72.2	14.5	26	R64	YES	YES	NO	NO	NO	NO	NO
2014	Baylor	61.1487	329	118.684	8	100.799	100	17.8854	30	6	39.6	54.3	19.022	38.4	42.7	0.667	48.6	22.2	35.2	0.667	67.1	16.4	30	S16	YES	YES	YES	NO	NO	NO	NO
2014	U Mass	70.3142	13	109.841	86	95.6537	37	14.1875	49	6	31	52.1	20.02	34.7	42.1	0.714	46.4	16.3	43.6	0.75	68.2	16.2	23	R64	YES	NO	NO	NO	NO	NO	NO
2014	N Carolina	69.426	17	111.545	54	93.1571	16	18.3881	29	6	36	53.1	22.039	33.5	41.1	0.556	46.5	12.6	47.1	0.719	62.5	16.7	26	R32	YES	YES	NO	NO	NO	NO	NO
2014	Ohio State	64.0434	222	109.354	94	87.6797	3	21.6743	15	6	28.4	50.4	16.769	32.6	40.5	0.556	45.2	17.4	36.6	0.735	68.9	15.8	24	R64	YES	NO	NO	NO	NO	NO	NO
2015	Butler	63.0408	234	110.554	60	90.9269	9	19.6267	21	6	32.2	54.8	17.719	35.8	41.6	0.667	46.8	17.2	37.1	0.688	68	15.2	32	R32	YES	YES	NO	NO	NO	NO	NO
2015	Providence	64.8656	133	112.954	38	95.3871	43	17.5673	28	6	32.4	52.8	20.783	31	42.1	0.75	48.1	14.6	39.2	0.667	71	16.4	23	R64	YES	NO	NO	NO	NO	NO	NO
2015	S Methodist	62.8424	244	113.524	31	95.4867	45	18.0372	26	6	35.1	55.1	17.191	36.6	38.2	1	45.6	13	41.1	0.806	70	15.6	13	R64	YES	NO	NO	NO	NO	NO	NO
2015	Xavier	65.1714	112	115.283	18	96.6313	55	18.6517	24	6	29.1	52.8	18.431	34.9	43.8	0.4	50.3	18.9	39.5	0.618	72.5	15.2	31	S16	YES	YES	YES	NO	NO	NO	NO
2016	Arizona	68.3189	151	117.368	16	95.4851	29	21.8831	16	6	32.7	56.5	17.324	38.3	41.3	0.5	46.3	19.5	43.1	0.758	72.3	18.6	26	R64	YES	NO	NO	NO	NO	NO	NO
2016	Notre Dame	64.933	312	119.69	9	103.709	155	15.9813	37	6	30.9	51.4	17.238	36.9	42.8	0.6	49.2	22	39.6	0.656	73.5	14.1	32	E8	YES	YES	YES	YES	NO	NO	NO
2016	Seton Hall	69.4734	96	111.433	63	93.7641	19	17.6691	30	6	34.1	52.8	18.799	35.3	40.1	0.714	45.3	18.4	40.6	0.758	66.6	15.9	19	R64	YES	NO	NO	NO	NO	NO	NO
2016	Texas	65.1637	309	112.821	46	95.7146	34	17.1061	32	6	29.9	49	21.318	33.9	41.9	0.667	47.4	20.9	35.4	0.625	66.5	15.1	27	R64	YES	NO	NO	NO	NO	NO	NO
2017	Cincinnati	63.7687	327	114.215	35	91.8982	10	22.3165	22	6	34.5	53.3	17.674	35	38.2	0.667	44.3	22.5	39.3	0.879	68	13.2	12	R32	YES	YES	NO	NO	NO	NO	NO
2017	Creighton	70.8829	48	115.639	32	96.0487	40	19.5902	27	6	21.7	48.7	15.922	40.1	43.8	0.6	50	26.1	43.9	0.727	68.3	11.5	26	R64	YES	NO	NO	NO	NO	NO	NO
2017	Maryland	67.0658	221	113.565	40	98.7271	64	14.838	45	6	27.8	50	19.001	36.7	41.6	0.75	47.1	25	33.5	0.742	70.1	15	34	R64	YES	NO	NO	NO	NO	NO	NO
2017	S Methodist	63.5675	330	120.073	11	94.8141	28	25.2591	11	6	37.1	56.9	14.1	40.3	38.6	0.667	46.1	24.3	36.2	0.879	69.6	14.2	15	R64	YES	NO	NO	NO	NO	NO	NO
2010	BYU	70.9239	13	117.315	11	92.8309	34	24.4842	9	7	28.5	53.2	18.851	41.6	41	0.5	46.3	24.4	40.5	0.849	78.6	17.7	25	R32	YES	YES	NO	NO	NO	NO	NO
2010	Clemson	67.2015	88	109.94	55	90.3071	14	19.633	25	7	35.2	51.3	18.241	33.6	41.9	0.5	46.1	19.7	39.9	0.677	65.9	13.6	34	R64	YES	NO	NO	NO	NO	NO	NO
2010	Oklahoma St	66.2045	137	111.497	43	94.9637	55	16.5333	45	7	27.9	51.4	20.172	35.2	41.9	0.6	48.2	25.1	34.3	0.688	71.5	14.9	31	R64	YES	NO	NO	NO	NO	NO	NO
2010	Richmond	62.1031	302	108.108	78	92.8809	36	15.2274	51	7	24.5	46.6	20.438	35.4	39.2	0.846	43.8	21.4	35.5	0.788	70.1	13	22	R64	YES	NO	NO	NO	NO	NO	NO
2011	Temple	64.7767	230	109.724	59	92.7362	26	16.988	32	7	31	52.1	15.902	35.4	41.1	0.571	46	18.3	39	0.781	69.4	13.7	28	R32	YES	YES	NO	NO	NO	NO	NO
2011	Texas A&M	61.4192	326	109.943	56	94.5593	40	15.3838	41	7	36.6	54.6	19.955	33.7	41.3	0.778	46.5	16.1	35.2	0.742	70.4	17.3	29	R64	YES	NO	NO	NO	NO	NO	NO
2011	UCLA	65.5545	177	107.561	87	93.8189	34	13.7419	51	7	34.8	53.2	18.49	32.8	41.6	0.667	45.9	15.6	38.7	0.688	68.3	15.7	43	R32	YES	YES	NO	NO	NO	NO	NO
2011	Washington	70.7555	16	116.488	11	94.2736	39	22.2141	14	7	37	53.1	23.223	37.1	41.6	0.25	46.1	26.5	43.1	0.697	66.7	14	32	R32	YES	YES	NO	NO	NO	NO	NO
2012	Florida	63.4917	212	120.271	3	99.98	123	20.2909	17	7	31.8	51.5	17.376	39	43.3	0.333	48.9	29.8	33	0.697	71.2	13.5	29	E8	YES	YES	YES	YES	NO	NO	NO
2012	Gonzaga	64.3904	163	111.604	35	94.5893	34	17.0149	27	7	32.1	54.9	14.726	37.6	41.3	0.333	46.6	19.2	37.1	0.806	71.5	17.7	23	R32	YES	YES	NO	NO	NO	NO	NO
2012	Notre Dame	59.5561	330	110.251	50	96.0393	54	14.2112	43	7	29.2	49.8	15.505	32.9	41.2	0.714	45.5	19.3	33	0.667	70.8	14.2	37	R64	YES	NO	NO	NO	NO	NO	NO
2012	St Marys	62.3728	266	114.424	20	98.8981	97	15.5262	36	7	35.9	55.4	16.036	34.4	43.4	1	48.4	21.6	36.5	0.833	72.9	15.7	28	R64	YES	NO	NO	NO	NO	NO	NO
2013	Creighton	63.0944	206	119.389	5	97.1644	81	22.2247	14	7	28.4	53.9	15.277	42.1	40.7	0.4	45.9	26.3	35.8	0.794	75	13.3	25	R32	YES	YES	NO	NO	NO	NO	NO
2013	Illinois	64.2338	155	110.496	48	95.3564	52	15.1395	44	7	32.2	48.9	20.43	32.3	42.9	0.875	48.9	23.1	32.5	0.636	72.2	13.1	37	R32	YES	YES	NO	NO	NO	NO	NO
2013	Notre Dame	59.569	320	115.515	12	98.0769	93	17.4382	28	7	31.5	52.9	14.917	37.3	41.8	0.8	46.5	19.8	38	0.735	70.7	12.6	38	R64	YES	NO	NO	NO	NO	NO	NO
2013	San Diego St	64.8362	128	107.707	80	89.1276	7	18.5799	26	7	30.5	52.3	16.848	32.4	39	0.333	44.1	17.7	36.7	0.667	68.4	13.8	31	R32	YES	YES	NO	NO	NO	NO	NO
2014	Connecticut	63.4064	253	111.355	57	92.2385	12	19.1162	25	7	29.6	50.3	19.596	38.7	38.7	0.727	43.9	21.4	34.5	0.765	76.1	16	22	C	YES	YES	YES	YES	YES	YES	YES
2014	New Mexico	64.7417	182	113.782	34	96.2346	43	17.5475	31	7	31.8	53.8	19.632	33.7	38.9	0.667	44.9	17.5	38.5	0.818	72.7	18.6	13	R64	YES	NO	NO	NO	NO	NO	NO
2014	Oregon	67.8101	49	118.258	9	99.4749	80	18.783	27	7	30.2	51	25.947	39.1	44.2	0.375	49.3	23.2	39.3	0.719	76.6	19.3	28	R32	YES	YES	NO	NO	NO	NO	NO
2014	Texas	67.2135	64	110.262	78	95.2735	33	14.9889	41	7	38.7	54.8	22.824	32.4	39.9	0.8	46	15.4	41.3	0.697	66.4	17.4	36	R32	YES	YES	NO	NO	NO	NO	NO
2015	Iowa	63.3054	218	113.359	33	95.1085	40	18.251	25	7	33.9	52.9	17.206	33.2	39.2	0.429	45.1	17	36.1	0.656	74.5	16.4	44	R32	YES	YES	NO	NO	NO	NO	NO
2015	Michigan St	62.8407	245	115.973	15	95.052	38	20.9213	18	7	33.8	54.9	21.577	38.5	39.7	0.444	45.3	22.7	37.8	0.697	62.7	11.4	22	FF	YES	YES	YES	YES	YES	NO	NO
2015	VCU	66.5049	61	110.62	59	94.1043	24	16.5157	31	7	30.1	48.9	19.464	34.1	43.4	0.5	49.6	24.1	33.8	0.735	65.7	14.6	17	R64	YES	NO	NO	NO	NO	NO	NO
2015	Wichita St	61.4547	297	114.962	21	93.3065	17	21.6555	15	7	33.5	53.4	19.134	35.9	40.1	0.6	45.2	20.7	34.5	0.871	69.2	13.4	16	S16	YES	YES	YES	NO	NO	NO	NO
2016	Dayton	67.8498	177	106.934	135	93.5907	18	13.3434	56	7	26.4	53.7	17.229	34.6	40.5	0.786	46.9	20.2	37.7	0.781	67.3	15.3	21	R64	YES	NO	NO	NO	NO	NO	NO
2016	Iowa	68.812	129	116.298	24	94.9421	23	21.3563	19	7	30.1	50.9	14.772	38.2	41.5	0.25	47.4	24.7	38.7	0.677	71.9	14.7	28	R32	YES	YES	NO	NO	NO	NO	NO
2016	Oregon St	67.1452	221	110.836	72	98.3992	62	12.4371	60	7	27	48.5	21.642	37.3	43	1	49.4	20.5	36.9	0.6	68.1	14.6	33	R64	YES	NO	NO	NO	NO	NO	NO
2016	Wisconsin	63.2633	343	111.769	57	95.4038	28	16.3651	33	7	31	52.3	19.488	35.8	42.9	0.4	48.5	19.8	33.8	0.625	70.7	15.3	42	S16	YES	YES	YES	NO	NO	NO	NO
2017	Dayton	68.5788	138	112.3	49	96.6262	45	15.6735	36	7	22.9	50.1	19.152	38.7	41.3	0.556	47.7	24.4	35	0.767	69.1	16.6	28	R64	YES	NO	NO	NO	NO	NO	NO
2017	Michigan	62.8409	339	121.592	5	98.9742	69	22.618	21	7	23.5	48.5	15.516	38	46.5	0.4	51.9	28.1	33.8	0.676	77.4	13	30	S16	YES	YES	YES	NO	NO	NO	NO
2017	St Marys	59.2901	350	118.894	15	94.2568	26	24.6377	14	7	31.8	57.5	14.766	39.9	40.9	1	45.2	26.4	35	0.875	74.8	10.6	17	R32	YES	YES	NO	NO	NO	NO	NO
2017	S Carolina	68.211	167	105.546	149	88.5163	3	17.0302	31	7	31.9	50.4	24.033	33.4	40	0.5	45	19.9	35.2	0.677	69.2	16.3	43	FF	YES	YES	YES	YES	YES	NO	NO
2010	California	67.121	92	119.968	1	97.7354	88	22.2322	15	8	32.6	53	19.279	37.3	43.4	0.429	48.3	19.7	42.7	0.697	75.7	15.6	20	R32	YES	YES	NO	NO	NO	NO	NO
2010	Gonzaga	67.0743	96	112.378	36	95.585	62	16.7934	42	8	31.9	53.3	18.28	36.5	41	0.625	46.4	16.6	42.9	0.806	66.6	18	36	R32	YES	YES	NO	NO	NO	NO	NO
2010	Texas	71.1683	12	113.444	26	92.8117	33	20.6323	18	8	39.2	54.4	19.424	34.6	40.2	0.5	44.8	17	48	0.727	63.4	16.2	29	R64	YES	NO	NO	NO	NO	NO	NO
2010	UNLV	65.9121	156	109.859	59	92.6156	32	17.2431	41	8	27.2	49.5	24.645	33.1	39.8	0.571	45.5	20.2	39.7	0.75	72.1	12.9	44	R64	YES	NO	NO	NO	NO	NO	NO
2011	Butler	63.7754	265	112.272	34	97.278	69	14.9935	44	8	31.1	52.4	20.334	36.2	42.9	0.5	48.8	22.4	34.5	0.71	72.8	15.6	34	CG	YES	YES	YES	YES	YES	YES	NO
2011	Geo Mason	65.0301	213	113.269	28	94.9599	44	18.3096	26	8	30.5	51.6	17.788	39.7	40.7	0.333	45.8	20.2	38.4	0.812	69	14.8	26	R32	YES	YES	NO	NO	NO	NO	NO
2011	Michigan	61.959	322	110.77	48	95.3533	49	15.4164	40	8	23.8	48.2	16.841	35.4	42.8	0.545	48.9	24.4	30.8	0.594	70	10.4	50	R32	YES	YES	NO	NO	NO	NO	NO
2011	UNLV	66.9325	100	110.321	55	91.5518	15	18.7696	25	8	32.6	51.2	21.317	33.1	40	0.833	45.4	16.6	40.2	0.75	69	15.1	25	R64	YES	NO	NO	NO	NO	NO	NO
2012	Creighton	65.4893	114	119.641	4	102.559	167	17.0818	26	8	30.1	54.7	16.937	42.5	43.8	0.875	49.3	24.5	39.7	0.849	73.3	15.8	25	R32	YES	YES	NO	NO	NO	NO	NO
2012	Iowa State	65.1229	126	112.844	28	96.3879	60	16.4561	31	8	31.2	53.3	15.285	38	43.6	0.8	48.3	26.6	32	0.688	67.9	14.6	33	R32	YES	YES	NO	NO	NO	NO	NO
2012	Kansas St	65.8239	97	109.953	58	91.6575	16	18.2953	21	8	39.1	53.5	21.739	34.2	40.8	0.375	45.8	17.1	38.3	0.677	66.6	16	47	R32	YES	YES	NO	NO	NO	NO	NO
2012	Memphis	66.8618	57	114.7	19	92.1444	17	22.5554	10	8	29	51.1	21.274	36.9	38.4	0.444	43.3	16.1	42.9	0.765	72	16.3	15	R64	YES	NO	NO	NO	NO	NO	NO
2013	Colorado St	62.9945	212	118.136	7	97.9562	92	20.1795	19	8	41.2	58.7	20.041	33.4	41.8	0.667	48.2	15.4	39.6	0.742	70.9	17.3	21	R32	YES	YES	NO	NO	NO	NO	NO
2013	N Carolina	68.7962	11	112.478	31	95.3146	50	17.1634	32	8	33.2	51.6	15.146	36.6	42.1	0.667	47.6	21.5	42.4	0.719	66.9	12.2	16	R64	YES	NO	NO	NO	NO	NO	NO
2013	NC State	66.1873	65	116.772	9	99.3673	113	17.4046	29	8	33.4	52	17.94	39.3	41.8	0.545	46.6	15.9	45.6	0.706	68.3	16	32	R32	YES	YES	NO	NO	NO	NO	NO
2013	Pittsburgh	58.1464	338	116.301	11	91.1994	17	25.1014	8	8	40.1	55.5	19.435	36	39.3	0.2	44.7	15.2	41	0.75	66.4	13.4	43	R64	YES	NO	NO	NO	NO	NO	NO
2014	Colorado	65.097	163	107.9	117	95.4275	35	12.4727	60	8	33.5	54.5	17.619	32	42.9	0.818	49.3	15.6	36.6	0.676	71.6	18.6	33	R64	YES	NO	NO	NO	NO	NO	NO
2014	Gonzaga	64.5603	194	113.594	37	92.9558	15	20.6386	22	8	29.3	52.3	22.295	38.7	39.3	0.714	44.4	20.6	39.5	0.818	71	15.7	20	R32	YES	YES	NO	NO	NO	NO	NO
2014	Kentucky	64.6236	191	116.202	19	95.0512	32	21.1505	19	8	42.1	56.8	21.773	32.6	40.3	0.222	44.8	15.5	40.5	0.727	68	20.5	17	CG	YES	YES	YES	YES	YES	YES	NO
2014	Memphis	67.8621	48	111.252	62	96.3212	44	14.9304	43	8	34.7	51.8	17.833	33.6	43.5	0.6	48.1	16.2	45.3	0.71	65.3	15.4	34	R32	YES	YES	NO	NO	NO	NO	NO
2015	Cincinnati	59.2099	341	108.353	82	94.1045	25	14.2488	41	8	36	53.9	14.029	33.3	39	0.286	44.5	15.1	34.7	0.688	67.4	12.6	40	DNQ	NO	NO	NO	NO	NO	NO	NO
2015	NC State	63.8463	177	114.001	29	98.6377	81	15.3629	37	8	32.8	52.4	20.448	36.1	40.3	0.3	45.5	19.9	36.4	0.606	68.3	14.1	41	S16	YES	YES	YES	NO	NO	NO	NO
2015	Oregon	66.1195	73	114.457	26	101.273	122	13.1844	52	8	28.7	50.4	20.578	36.7	42.4	1	47.8	22.1	39.5	0.727	76.7	13.4	27	R32	YES	YES	NO	NO	NO	NO	NO
2015	San Diego St	59.9465	335	104.401	159	88.1829	6	16.2186	32	8	33.6	52.6	15.142	32.1	37.8	0.7	42.7	15.5	33.9	0.758	63	12.1	26	R32	YES	YES	NO	NO	NO	NO	NO
2016	Colorado	68.9529	121	108.785	98	95.1948	26	13.5905	54	8	33.6	55.6	19.774	38.9	41.8	0.583	46.9	22.6	35.2	0.656	73.7	17.6	35	R64	YES	NO	NO	NO	NO	NO	NO
2016	St Josephs	70.3117	68	113.435	38	98.7988	63	14.6358	43	8	25.6	52	14.468	32.8	41.5	0.875	47.9	21.5	39.7	0.788	71.9	16.2	23	R32	YES	YES	NO	NO	NO	NO	NO
2016	Texas Tech	65.9989	272	113.846	35	99.1212	73	14.7244	42	8	29.6	50.3	19.218	34.5	42.7	0.667	49.3	17.2	37.5	0.613	74.6	17.6	36	R64	YES	NO	NO	NO	NO	NO	NO
2016	USC	71.1914	46	113.901	34	99.116	72	14.7848	41	8	30.1	51.1	17.227	38.5	41.8	0.667	47.3	23.6	42.1	0.636	67.8	15.2	51	R64	YES	NO	NO	NO	NO	NO	NO
2017	Arkansas	69.4151	96	116.639	26	101.04	97	15.5987	38	8	30.6	50.3	22.322	36.8	41.8	0.857	48	19.8	42.5	0.758	76.2	17.9	25	R32	YES	YES	NO	NO	NO	NO	NO
2017	Miami (FL)	62.9821	338	110.386	68	93.4254	21	16.9602	32	8	31.3	53.4	17.451	35.9	41.4	0.571	47.2	19.2	36.7	0.656	71.8	13.5	42	R64	YES	NO	NO	NO	NO	NO	NO
2017	Northwestern	65.1075	300	111.189	58	95.6778	35	15.511	39	8	27.6	50.6	19.433	34.1	40.3	0.5	46	21.4	36.4	0.676	75.1	13.4	49	R32	YES	YES	NO	NO	NO	NO	NO
2017	Wisconsin	63.2884	333	113.589	39	91.2963	8	22.2926	23	8	33.7	54.6	15.823	35.5	40.6	0.8	46.8	22.8	37.5	0.758	64.3	12.2	32	S16	YES	YES	YES	NO	NO	NO	NO
2010	Florida St	64.8904	205	104.941	139	86.3361	3	18.605	29	9	37.4	53.9	17.949	33.6	37.4	0.8	43.2	17.4	37.5	0.71	64.6	13.5	42	R64	YES	NO	NO	NO	NO	NO	NO
2010	Louisville	65.9182	155	115.013	19	97.1787	77	17.834	34	9	38.9	51.1	22.77	33.9	42.6	0.286	48.2	24.1	37.1	0.625	70.3	15.2	37	R64	YES	NO	NO	NO	NO	NO	NO
2010	N Iowa	58.576	340	108.029	81	89.7638	9	18.2648	31	9	29.6	52.3	15.797	35.3	40.3	0.833	46.2	19.8	29.8	0.875	75.4	13.7	17	S16	YES	YES	YES	NO	NO	NO	NO
2010	Wake Forest	68.4678	50	106.69	105	91.7943	23	14.8954	54	9	37.5	52.9	22.315	31.3	38.3	0.625	43	13	43.7	0.655	66	16.2	38	R32	YES	YES	NO	NO	NO	NO	NO
2011	Illinois	65.2946	194	112.305	33	92.727	25	19.5782	20	9	30.2	51.2	19.734	38.7	40.1	0.222	45.4	20.5	39	0.594	72.9	11.8	46	R32	YES	YES	NO	NO	NO	NO	NO
2011	Old Dominion	60.8228	330	109.126	67	94.8747	43	14.251	49	9	44.8	59	14.47	32.9	40.4	0.75	47.3	14.6	37.9	0.818	66.4	13.3	20	R64	YES	NO	NO	NO	NO	NO	NO
2011	Tennessee	66.3754	135	107.96	81	94.5968	41	13.3636	54	9	36.8	52.9	21.598	30.4	41.5	0.5	47.5	15.6	39.4	0.576	68.3	15.6	33	R64	YES	NO	NO	NO	NO	NO	NO
2011	Villanova	65.5804	175	114.746	22	96.4465	60	18.299	27	9	33.5	53.3	20.852	34.9	40.5	0.455	46.4	19	35.9	0.656	75.8	17.8	38	R64	YES	NO	NO	NO	NO	NO	NO
2012	Alabama	61.5091	292	106.031	111	89.3714	8	16.6596	28	9	32	52	20.045	28.5	38.8	0.2	43.4	12.1	39.2	0.656	71.5	13.7	38	R64	YES	NO	NO	NO	NO	NO	NO
2012	Connecticut	62.2672	270	111.126	43	96.1075	55	15.0185	39	9	36.9	52.2	16.373	33.1	38.3	0.364	44.4	16.2	39.9	0.606	66.1	12.7	32	R64	YES	NO	NO	NO	NO	NO	NO
2012	Saint Louis	61.301	300	111.629	34	91.0501	14	20.5785	14	9	29	51.2	20.502	36.9	40.8	0.4	44.9	21.5	34.2	0.774	71.5	13.4	30	R32	YES	YES	NO	NO	NO	NO	NO
2012	S Mississippi	63.0961	237	111.225	41	99.9599	122	11.2651	64	9	35	52.4	21.773	35.6	44.9	0.786	50.4	18.5	35.1	0.742	73.7	17.2	21	R64	YES	NO	NO	NO	NO	NO	NO
2013	Missouri	65.5079	94	115.006	13	95.7839	61	19.2225	22	9	39.3	56.4	16.488	34	40.1	0.333	45.9	18.9	41.9	0.697	73.9	15.4	35	R64	YES	NO	NO	NO	NO	NO	NO
2013	Temple	65.1334	119	111.464	37	99.5026	116	11.9609	60	9	29.5	49	19.805	33.4	43.5	0.583	48.7	21.8	35.8	0.719	72.5	15.1	42	R32	YES	YES	NO	NO	NO	NO	NO
2013	Villanova	65.6855	87	106.057	112	92.4411	25	13.6158	54	9	31.3	51.9	20.93	33.7	40.4	0.375	46.9	18.3	30.2	0.594	72.2	19	52	R64	YES	NO	NO	NO	NO	NO	NO
2013	Wichita St	62.4159	238	109.966	53	92.5764	28	17.3895	30	9	37.9	56	20.552	33.7	40	0.5	46	19.8	36	0.765	68.8	13.7	36	FF	YES	YES	YES	YES	YES	NO	NO
2014	Geo Wshgtn	65.8095	122	110.212	79	95.9821	42	14.2297	48	9	33.6	52.6	18.346	36.9	41.4	0.75	47	17.3	39.3	0.75	65.3	16.8	29	R64	YES	NO	NO	NO	NO	NO	NO
2014	Kansas St	63.6653	242	108.305	113	93.9099	22	14.3949	46	9	33.1	51	24.635	33.4	40.8	0.625	45.4	18.1	36.6	0.625	65.8	15	50	R64	YES	NO	NO	NO	NO	NO	NO
2014	Oklahoma St	66.9981	73	115.772	21	94.2393	23	21.5328	16	9	26.5	48.6	22.067	36.8	40.7	0.3	46	21.5	38.5	0.636	72.4	20.3	45	R64	YES	NO	NO	NO	NO	NO	NO
2014	Pittsburgh	62.7245	286	116.412	17	94.8924	31	21.5198	17	9	36.4	54.9	20.762	35.6	41.3	0.462	46.8	15.4	39.4	0.735	71.1	17.6	39	R32	YES	YES	NO	NO	NO	NO	NO
2015	LSU	69.0966	13	108.743	75	94.7996	34	13.9432	47	9	31.6	51.5	16.896	33.9	40.1	0.545	44.6	17.2	42.8	0.688	68.9	13.7	56	R64	YES	NO	NO	NO	NO	NO	NO
2015	Oklahoma St	62.7105	254	111.825	48	95.6458	49	16.1789	34	9	24.6	47.7	22.775	34.6	40.5	0.5	46	20.6	31	0.567	73.1	14.9	50	R64	YES	NO	NO	NO	NO	NO	NO
2015	Purdue	63.9932	167	110.824	57	96.8436	58	13.9802	46	9	34.8	53.2	21.721	33.5	40.1	0.667	45.5	17.4	37	0.636	68.5	15.6	53	R64	YES	NO	NO	NO	NO	NO	NO
2015	St Johns	66.1943	68	110.125	63	95.8018	51	14.3233	40	9	25.7	47	18.108	35.1	40.4	0.4	46.1	18.3	37.9	0.645	69.1	14.3	36	R64	YES	NO	NO	NO	NO	NO	NO
2016	Butler	67.7286	186	117.318	17	101.468	115	15.8497	39	9	30.4	52.6	20.29	38.7	43.1	0.667	49.4	21.3	41.8	0.677	73.1	17.5	56	R32	YES	YES	NO	NO	NO	NO	NO
2016	Cincinnati	64.1147	332	110.035	87	92.8755	12	17.1593	31	9	36	53.2	15.266	34.5	39	0.5	45.3	22.7	36.3	0.688	70.4	14.2	47	R64	YES	NO	NO	NO	NO	NO	NO
2016	Connecticut	65.7403	288	111.651	61	92.899	13	18.752	27	9	27.6	51.4	18.783	36.3	38.2	0.333	44.3	21	39.2	0.697	78.5	13.2	41	R32	YES	YES	NO	NO	NO	NO	NO
2016	Providence	68.4903	143	109.321	93	95.7275	35	13.5932	53	9	29	49.8	16.281	32.1	43.5	0.8	48.8	21.3	36.3	0.697	72.7	16.4	39	R32	YES	YES	NO	NO	NO	NO	NO
2017	Michigan St	66.7308	240	110.569	66	95.5936	34	14.9753	43	9	28.7	52.6	21.099	37.6	40.7	0.444	46.3	23.5	35.8	0.576	66.3	12.4	51	R32	YES	YES	NO	NO	NO	NO	NO
2017	Seton Hall	67.2845	215	109.8	76	95.8517	37	13.9487	53	9	33.9	54.6	20.575	33.7	43.2	0.583	49	18.4	40.6	0.656	64.3	14.3	44	R64	YES	NO	NO	NO	NO	NO	NO
2017	Vanderbilt	65.5596	283	112.303	48	96.065	41	16.2376	34	9	23	50.1	18.206	37.7	42.3	0.444	47.9	29.7	26.9	0.559	77.6	14.6	38	R64	YES	NO	NO	NO	NO	NO	NO
2017	VA Tech	68.2782	162	117.358	21	102.419	125	14.9395	44	9	21.2	48.5	16.485	40.3	44.5	0.667	50.9	26.5	36.3	0.688	73.4	16.4	47	R64	YES	NO	NO	NO	NO	NO	NO
2010	Florida	63.5599	263	112.433	34	97.4388	84	14.9939	52	10	35.2	51.8	15.149	31.3	42.9	0.545	48.1	17.5	40.2	0.636	70.2	13.9	54	R64	YES	NO	NO	NO	NO	NO	NO
2010	GA Tech	67.9549	64	108.997	67	90.9613	19	18.0357	32	10	38.4	52.8	18.619	36.6	38.3	0.667	43.8	18.1	40.8	0.656	63.9	14	33	R32	YES	YES	NO	NO	NO	NO	NO
2010	Missouri	68.6097	44	110.105	52	90.4261	15	19.6787	24	10	32.1	48.2	20.48	37.1	40.9	0.5	45.6	23.1	39.4	0.688	72.8	15.1	45	R32	YES	YES	NO	NO	NO	NO	NO
2010	St Marys	66.3664	128	116.442	13	97.0364	75	19.4058	26	10	32.9	52.8	17.471	41.1	42.6	0.6	45.8	25.5	39.1	0.833	76.5	14.2	35	S16	YES	YES	YES	NO	NO	NO	NO
2011	Florida St	67.5152	73	103.157	162	88.1874	2	14.9701	45	10	34.8	53.2	20.368	33	36.4	0.286	42.2	18.6	36.6	0.677	66.3	14.2	54	S16	YES	YES	YES	NO	NO	NO	NO
2011	Georgia	64.1695	247	107.153	90	95.1889	47	11.9637	64	10	34.5	53.4	20.29	34	39.6	0.889	44.7	14.2	40.6	0.656	69.6	14.1	49	DNQ	NO	NO	NO	NO	NO	NO	NO
2011	Michigan St	65.0151	214	108.503	75	93.7079	32	14.7956	46	10	34	53.2	19.975	34.8	42.1	0.692	47.8	18.9	35	0.562	69.7	14.2	48	DNQ	NO	NO	NO	NO	NO	NO	NO
2011	Penn State	59.8734	337	111.847	40	97.4264	72	14.4209	47	10	30.7	51.2	16.852	33.4	43.6	0.727	50.4	18.8	32.4	0.594	72	11.9	39	DNQ	NO	NO	NO	NO	NO	NO	NO
2012	Purdue	63.7048	201	116.142	11	100.148	127	15.9933	33	10	29.4	49.6	19.057	37.7	44.6	0.545	50.5	24.6	34.7	0.636	65.2	12.9	45	R32	YES	YES	NO	NO	NO	NO	NO
2012	Virginia	58.3843	341	106.186	106	88.8224	5	17.3633	25	10	25.6	52.7	15.653	33.7	39.6	0.462	44.3	14.7	35.5	0.71	72.4	12.8	53	R64	YES	NO	NO	NO	NO	NO	NO
2012	W Virginia	63.2691	224	111.599	36	97.0738	72	14.5249	41	10	38.8	54.8	17.046	30.2	44.6	0.4	49.4	16	40.7	0.594	67.1	14.9	64	R64	YES	NO	NO	NO	NO	NO	NO
2012	Xavier	65.9384	93	107.588	85	95.9824	53	11.6059	57	10	30.1	51.8	21.782	35.5	39.8	0.625	45.3	14.9	40.6	0.656	69.1	15.7	36	S16	YES	YES	YES	NO	NO	NO	NO
2013	Cincinnati	62.2632	244	105.794	116	90.2087	13	15.5856	40	10	38	54.4	17.134	31.7	38.5	0.5	43.1	20.5	32.7	0.667	64.9	13.5	49	R64	YES	NO	NO	NO	NO	NO	NO
2013	Colorado	63.0028	211	107.269	91	92.4737	26	14.7956	49	10	32.1	52.2	14.628	34.7	40.4	0.625	46.1	16.2	36.6	0.656	68.4	15.4	39	R64	YES	NO	NO	NO	NO	NO	NO
2013	Iowa State	67.5365	31	116.863	8	100.569	133	16.2941	36	10	32.8	53.1	19.246	37	42.7	0.4	47.8	29.5	35.5	0.667	73.1	14.6	46	R32	YES	YES	NO	NO	NO	NO	NO
2013	Oklahoma	64.6503	131	111.409	39	97.0916	78	14.3172	50	10	32.2	51.1	17.823	32.6	41.8	0.444	47.5	14.9	40.4	0.645	76	15.8	40	R64	YES	NO	NO	NO	NO	NO	NO
2014	Arizona St	67.6129	57	110.175	80	94.7808	29	15.3941	37	10	22.1	48.3	19.752	38.6	41.5	0.714	46	24.4	34.3	0.656	69.4	16.3	44	R64	YES	NO	NO	NO	NO	NO	NO
2014	BYU	71.172	5	114.713	27	99.9591	88	14.7544	44	10	33.3	53.4	20.916	37.3	43	0.571	49	15.5	48.2	0.667	68.8	20.5	31	R64	YES	NO	NO	NO	NO	NO	NO
2014	St Josephs	64.4393	203	111.261	61	98.2332	60	13.0273	55	10	28.6	52.1	18.079	38.1	42	0.727	47.9	22.2	34.5	0.719	64.4	14.8	37	R64	YES	NO	NO	NO	NO	NO	NO
2014	Stanford	65.271	152	113.435	38	97.4392	56	15.9959	34	10	28	51.4	21.53	37.1	42.3	0.5	48.3	17.7	38.7	0.636	70.3	17.1	40	S16	YES	YES	YES	NO	NO	NO	NO
2015	Davidson	66.5178	60	120.481	7	103.662	166	16.8188	30	10	28.4	50.3	18.724	39.3	44.1	0.6	49.1	32.2	34.8	0.767	70.2	12.2	34	R64	YES	NO	NO	NO	NO	NO	NO
2015	Georgia	63.6563	194	109.524	66	94.1302	27	15.3937	36	10	30.7	52.9	20.2	34.4	38.7	0.636	44.2	16.9	34.2	0.656	68.9	17.2	38	R64	YES	NO	NO	NO	NO	NO	NO
2015	Indiana	66.0482	76	119.285	10	105.478	201	13.8074	50	10	32.8	52.5	18.183	40.4	45.5	0.444	50.5	28	35.8	0.606	71.5	13.7	60	R64	YES	NO	NO	NO	NO	NO	NO
2015	Ohio State	65.1703	113	115.312	17	94.3058	29	21.0066	16	10	32.4	52	15.594	37.2	40.5	0.5	46.6	20.5	41.9	0.697	67.8	13.5	39	R32	YES	YES	NO	NO	NO	NO	NO
2016	Pittsburgh	65.557	295	115.484	28	99.2827	75	16.2013	35	10	35.4	55.1	17.672	35.1	44.3	0.625	50.5	18.9	40.8	0.645	75.8	16.1	52	R64	YES	NO	NO	NO	NO	NO	NO
2016	Syracuse	64.9033	314	111.357	65	95.507	30	15.8501	38	10	31	48.9	16.624	36.1	41.4	0.429	47.5	26.2	30.4	0.594	68.3	13.6	74	FF	YES	YES	YES	YES	YES	NO	NO
2016	Temple	65.9852	273	106.619	141	98.2712	60	8.34785	95	10	27.2	49	18.181	34	41.7	0.692	46.7	23.5	33.8	0.656	68.4	11.3	58	R64	YES	NO	NO	NO	NO	NO	NO
2016	VCU	69.4498	97	110.984	69	94.769	22	16.2152	34	10	31.8	52	18.972	36.1	43.4	0.429	48.5	21.8	41.5	0.727	69	14	31	R32	YES	YES	NO	NO	NO	NO	NO
2017	Marquette	69.9346	78	120.943	7	103.371	153	17.5711	28	10	24.9	49.7	20.129	43	45.6	0.375	51.9	31.5	36.7	0.613	77.9	14.4	61	R64	YES	NO	NO	NO	NO	NO	NO
2017	Oklahoma St	70.289	64	124.834	1	102.73	134	22.1043	24	10	35.5	52.5	24.854	40.3	46.7	0.4	52.8	27	39.6	0.613	78.7	18.4	39	R64	YES	NO	NO	NO	NO	NO	NO
2017	VCU	68.1834	169	110.018	73	95.716	36	14.3025	52	10	28.9	51.9	21.003	33.6	41.8	0.714	47	17.5	42.5	0.788	70.5	14.9	19	R64	YES	NO	NO	NO	NO	NO	NO
2017	Wichita St	68.6272	135	119.636	12	93.2236	19	26.4121	8	10	32	55.8	19.004	40.7	37.9	0.5	43.9	26.2	38.1	0.879	73.4	17.6	31	R32	YES	YES	NO	NO	NO	NO	NO
2010	Minnesota	65.3869	184	112.547	33	93.7989	42	18.7481	28	11	32.5	51.9	18.264	40.3	39.7	0.417	46	21.1	38.7	0.636	70.4	13.5	60	R64	YES	NO	NO	NO	NO	NO	NO
2010	Old Dominion	62.4677	291	107.842	85	90.1999	12	17.6423	35	11	41.3	56.3	16.098	31.6	40.1	0.833	45.3	13.9	42.5	0.765	64.6	11.2	27	R32	YES	YES	NO	NO	NO	NO	NO
2010	San Diego St	62.9348	281	111.49	44	94.1721	47	17.3175	40	11	39.7	54.6	17.936	32.3	40.8	0.636	46.9	16.1	40.1	0.742	61.4	13.6	19	R64	YES	NO	NO	NO	NO	NO	NO
2010	Washington	71.3389	10	111.513	42	93.6021	39	17.9107	33	11	35.8	52.9	23.81	32.5	42	0.6	46.2	15.5	45.4	0.727	72.7	18.8	41	S16	YES	YES	YES	NO	NO	NO	NO
2011	Gonzaga	66.6571	118	110.61	51	94.1013	37	16.5087	36	11	34.4	54.3	19.663	35.6	40	0.5	46.5	16.9	41.4	0.719	75.9	17.6	59	R32	YES	YES	NO	NO	NO	NO	NO
2011	Marquette	66.7571	113	115.623	16	97.4927	74	18.1301	28	11	34	51.9	15.916	35.2	43.7	0.3	50	15.8	42.7	0.588	69.1	17.6	64	S16	YES	YES	YES	NO	NO	NO	NO
2011	Missouri	71.2086	13	112.932	31	96.3729	59	16.559	34	11	30.9	48	21.395	36.4	44	0.667	49.1	21.3	43.6	0.688	73.6	16	37	R64	YES	NO	NO	NO	NO	NO	NO
2011	USC	62.1879	315	108.303	78	93.9363	36	14.3669	48	11	28.6	50.9	20.565	35.7	41.2	0.455	46.4	18.5	36.1	0.576	65.3	12.3	67	DNQ	NO	NO	NO	NO	NO	NO	NO
2011	VCU	65.9737	161	109.563	60	100.813	126	8.74997	82	11	30.8	47.2	18.73	35.9	45.2	0.571	50.4	24.5	32.2	0.676	71.9	14.8	53	FF	YES	YES	YES	YES	YES	NO	NO
2012	Colorado	64.2147	172	104.614	135	96.2689	57	8.34556	88	11	27.3	51.3	17.709	34.1	41.3	0.889	47	16.7	34.3	0.656	68.7	15.3	59	R32	YES	YES	NO	NO	NO	NO	NO
2012	Colorado St	63.0838	238	113.273	25	103.767	200	9.50647	77	11	26.6	50.8	22.263	40.5	43.6	0.667	50.5	18	36.3	0.645	76.9	16.8	31	R64	YES	NO	NO	NO	NO	NO	NO
2012	NC State	66.3856	77	111.847	32	98.7065	94	13.1406	45	11	34.8	53.1	19.161	35.5	41.8	0.643	47.4	16.1	42.6	0.647	70.8	14.7	50	S16	YES	YES	YES	NO	NO	NO	NO
2012	Texas	64.1535	176	113.26	26	96.748	63	16.5122	30	11	36.8	52.2	22.663	32.7	41.4	0.222	46.9	17.3	37.9	0.606	73.1	17.8	52	R64	YES	NO	NO	NO	NO	NO	NO
2013	Belmont	65.3017	106	111.598	35	95.8476	65	15.7507	39	11	28.3	49.2	19.964	37.6	41.3	0.5	47.4	24.9	38.7	0.8	73.5	13.3	19	R64	YES	NO	NO	NO	NO	NO	NO
2013	Bucknell	60.9891	287	107.882	76	94.4384	41	13.4434	55	11	29.4	54.4	17.2	36	37.9	0.5	42.6	13.9	38.9	0.844	74.8	14.4	51	R64	YES	NO	NO	NO	NO	NO	NO
2013	Middle Tenn	62.9037	215	107.517	83	91.9796	22	15.5372	41	11	36.5	54.1	19.953	37.9	39.4	0.75	44.1	16.1	39.3	0.849	69.4	15.8	29	DNQ	NO	NO	NO	NO	NO	NO	NO
2013	Minnesota	61.1328	283	113.792	21	94.6477	42	19.1442	23	11	43.3	55.7	19.834	32.6	39.6	0.5	45.4	15.7	37.3	0.625	68.5	15.5	34	R32	YES	YES	NO	NO	NO	NO	NO
2013	St Marys	62.7285	223	116.686	10	97.7603	87	18.9259	24	11	36	56.2	21.577	37.3	41.9	0.8	47.2	23.5	36.4	0.812	73	14.9	30	R64	YES	NO	NO	NO	NO	NO	NO
2014	Dayton	63.8792	232	113.694	35	100.71	99	12.9838	56	11	32.4	53.1	23.505	37.8	43.9	0.6	49.4	19.7	38.2	0.697	68.1	15.5	43	E8	YES	YES	YES	YES	NO	NO	NO
2014	Iowa	69.1598	23	120.152	5	99.1218	73	21.0299	20	11	36.8	55	19.678	35.3	41.4	0.222	47.3	17.5	44.2	0.625	73.3	20.2	64	DNQ	NO	NO	NO	NO	NO	NO	NO
2014	Nebraska	64.698	188	108.82	105	95.6836	38	13.1363	54	11	24	48.7	22.528	33.9	42	0.571	47.7	17.8	33	0.613	71.9	16.2	48	R64	YES	NO	NO	NO	NO	NO	NO
2014	Providence	63.2914	257	114.031	30	99.2945	75	14.7367	45	11	33.9	52.7	19.662	35	44.3	0.692	49	18.9	35.7	0.676	78.1	18.6	41	R64	YES	NO	NO	NO	NO	NO	NO
2014	Tennessee	62.0374	310	115.185	25	93.4414	19	21.7438	14	11	38.9	56	18.948	32.9	41.3	0	45.9	16.7	37.7	0.625	70.8	16.1	42	S16	YES	YES	YES	NO	NO	NO	NO
2015	Boise State	62.8256	248	111.769	50	97.7869	65	13.9824	45	11	25.6	51.3	17.778	39.1	41.9	0.625	47.4	26.1	31	0.742	72.8	12.8	42	DNQ	NO	NO	NO	NO	NO	NO	NO
2015	BYU	69.7923	6	119.356	9	101.562	129	17.7947	27	11	31.7	53.1	21.836	38.5	44.2	0.5	49.6	24.7	37.9	0.719	77	19.2	37	DNQ	NO	NO	NO	NO	NO	NO	NO
2015	Dayton	63.3147	216	108.983	72	95.0972	39	13.8856	49	11	21.2	49.3	16.771	35.5	42.1	0.75	47.1	19.8	32.4	0.781	67.9	16.2	28	R32	YES	YES	NO	NO	NO	NO	NO
2015	Mississippi	65.6482	89	114.568	24	100.141	103	14.4267	38	11	32.6	51.9	22.526	33.8	40	0.333	46.9	19.4	36.3	0.625	77.8	16.9	55	R64	YES	NO	NO	NO	NO	NO	NO
2015	Texas	61.7245	288	112.877	40	92.759	13	20.1184	20	11	37.5	56	19.387	33.9	36.8	0.333	42.2	18.7	34.7	0.606	72.4	14.5	43	R64	YES	NO	NO	NO	NO	NO	NO
2015	UCLA	65.4935	98	112.266	45	98.1315	72	14.1346	42	11	31.5	52.7	18.622	36.3	41.8	0.6	48.7	18.6	39	0.606	67.6	14.3	49	S16	YES	YES	YES	NO	NO	NO	NO
2016	Gonzaga	67.1988	215	116.44	22	97.1644	47	19.2756	26	11	29.8	54.8	17.309	37.7	40.1	0.5	45.1	23.3	40.4	0.781	76	15.7	44	S16	YES	YES	YES	NO	NO	NO	NO
2016	Michigan	65.9134	276	115.094	29	100.54	98	14.5538	44	11	22.8	49.3	16.312	38.4	44.8	0.833	51.2	29.1	33.4	0.636	73.9	11.9	57	R64	YES	NO	NO	NO	NO	NO	NO
2016	N Iowa	62.3968	346	108.298	104	98.2039	58	10.0945	76	11	14.9	46.5	14.461	37.2	42.3	0.727	48.6	24.3	30.5	0.636	75.4	12.7	70	R32	YES	YES	NO	NO	NO	NO	NO
2016	Tulsa	68.4348	146	111.352	66	99.564	82	11.788	62	11	25.6	48.7	20.839	32.9	41.6	0.375	48.3	20.9	37.4	0.645	67.9	15.7	65	DNQ	NO	NO	NO	NO	NO	NO	NO
2016	Vanderbilt	67.7217	187	114.458	30	94.5381	21	19.9195	23	11	25.9	50.9	19.947	38.8	38.6	0.143	43.1	25.3	35.7	0.594	69.9	15.8	60	DNQ	NO	NO	NO	NO	NO	NO	NO
2016	Wichita St	65.8499	283	111.743	58	90.5918	5	21.1508	20	11	30.3	53.3	23.204	32.9	38.4	0.143	44.5	22	35.5	0.742	71.6	15.7	48	R32	YES	YES	NO	NO	NO	NO	NO
2017	Kansas St	66.1487	266	112.038	50	94.4839	27	17.5538	29	11	27.7	49.1	18.511	36.1	42.5	0.455	48.9	21.3	35.3	0.606	68.9	15.1	56	R64	YES	NO	NO	NO	NO	NO	NO
2017	Providence	66.3485	259	108.021	108	95.1217	33	12.8992	56	11	25.1	49.3	16.218	36.8	44.1	0.556	49.7	21.6	34.3	0.625	69.1	14.4	55	DNQ	NO	NO	NO	NO	NO	NO	NO
2017	Rhode Island	66.1243	268	110.668	64	95.0527	32	15.6156	37	11	32.7	52.3	24.695	33.7	40.8	0.444	45.2	18.7	39.8	0.719	65.5	15	37	R32	YES	YES	NO	NO	NO	NO	NO
2017	USC	68.8968	116	112.508	46	100.168	86	12.3407	61	11	29.3	50.3	14.734	36.3	43.1	0.7	49.7	23.5	38.7	0.727	73.9	16.5	41	R32	YES	YES	NO	NO	NO	NO	NO
2017	Wake Forest	70.4705	58	120.873	8	103.6	160	17.2722	30	11	29	52.2	21.702	38.7	45.2	0.5	52.2	24.3	39.9	0.594	77.3	18.4	40	DNQ	NO	NO	NO	NO	NO	NO	NO
2017	Xavier	67.1917	219	114.744	33	99.4255	73	15.3189	40	11	33.4	54.8	18.792	34	45.2	0.667	51.8	21.1	37.5	0.618	68.9	16.1	36	E8	YES	YES	YES	YES	NO	NO	NO
2010	Cornell	63.4422	264	115.443	16	101.891	161	13.552	60	12	29.9	51.5	21.823	43.8	42.1	0.857	47.6	29.4	33.9	0.862	73.2	11.9	48	S16	YES	YES	YES	NO	NO	NO	NO
2010	N Mex State	70.1148	23	111.342	45	105.22	231	6.12172	112	12	29.3	48.5	18.48	37.4	45.1	1	51.3	25.6	37.2	0.656	70.1	15.7	52	R64	YES	NO	NO	NO	NO	NO	NO
2010	Utah State	59.4224	335	116.361	14	95.0722	59	21.2893	16	12	32.4	54.6	17.67	42.1	40.5	0.2	45.7	20.6	40.2	0.788	76.2	12.7	30	R64	YES	NO	NO	NO	NO	NO	NO
2010	TX El Paso	67.4737	79	107.504	91	89.9248	11	17.5793	36	12	28.2	50.6	21.835	34.7	39	1	44.2	18.5	41.9	0.812	67.2	15.4	39	R64	YES	NO	NO	NO	NO	NO	NO
2011	Clemson	64.0185	255	107.856	84	90.4152	10	17.4409	29	12	33.1	51.4	19.328	34.9	40	0.143	45.2	19.5	34.4	0.656	69.3	14.3	56	R64	YES	NO	NO	NO	NO	NO	NO
2011	Memphis	67.8874	62	103.673	147	96.7112	62	6.96184	91	12	33.2	50.5	20.744	32.7	41.5	0.929	46.7	18	38.9	0.735	67.9	15.1	30	R64	YES	NO	NO	NO	NO	NO	NO
2011	Richmond	63.1619	288	111.003	47	95.4298	51	15.5729	39	12	26.4	48.7	17.279	39.7	40.2	0.4	44.8	23.4	34.7	0.788	69.1	12.2	44	S16	YES	YES	YES	NO	NO	NO	NO
2011	UAB	62.1202	316	108.63	73	96.1119	55	12.5184	60	12	31.7	51.8	18.705	33.7	41	0.571	45.6	22.7	34.1	0.733	71.9	12.1	31	DNQ	NO	NO	NO	NO	NO	NO	NO
2011	Utah State	62.8424	299	110.413	53	90.2135	8	20.1997	17	12	32.4	55.7	18.412	35.8	38.3	1	43.3	17.5	37.1	0.906	73.6	16.7	15	R64	YES	NO	NO	NO	NO	NO	NO
2012	California	65.1101	127	111.11	44	94.5611	32	16.549	29	12	30.9	53.4	15.357	36.6	41.2	0.429	46.1	13.9	43.6	0.727	74.6	14.2	39	DNQ	NO	NO	NO	NO	NO	NO	NO
2012	Harvard	59.748	325	108.398	73	93.6424	21	14.756	40	12	29.3	54.1	15.41	35.5	40.4	0.833	44.9	17.4	32.5	0.862	75	15.2	35	R64	YES	NO	NO	NO	NO	NO	NO
2012	Lg Beach St	65.5618	109	111.581	38	95.9447	52	15.6363	34	12	33.3	52	15.64	35.8	42	0.2	47.5	19.8	37.9	0.742	67.2	16	34	R64	YES	NO	NO	NO	NO	NO	NO
2012	S Florida	57.9277	342	102.792	165	91.3144	15	11.4773	60	12	31.8	52.6	18.899	31.1	39.3	0.5	44.3	13.8	33.2	0.594	71	11.8	51	R32	YES	YES	NO	NO	NO	NO	NO
2012	VCU	64.298	169	107.166	91	94.5327	31	12.6331	50	12	32.5	48.9	19.429	33.7	42.3	0.8	47.1	22.2	31.6	0.824	68.9	14.6	41	R32	YES	YES	NO	NO	NO	NO	NO
2013	Akron	64.6243	132	107.801	78	94.0583	37	13.7427	52	12	36.7	54.1	20.158	33.3	39.2	0.667	44	20.8	37.7	0.806	64.3	13.5	44	R64	YES	NO	NO	NO	NO	NO	NO
2013	California	63.887	172	107.434	87	94.7044	44	12.7298	59	12	31.2	52.2	18.29	30.4	39.6	0.667	44.5	12.1	42.6	0.645	72.5	12.9	53	R32	YES	YES	NO	NO	NO	NO	NO
2013	Mississippi	68.7636	12	112.338	34	95.8159	64	16.5223	35	12	31.6	50.5	16.746	33.2	41.1	0.5	46.6	20.6	40.7	0.758	68.4	16.9	50	R32	YES	YES	NO	NO	NO	NO	NO
2013	Oregon	67.0931	41	105.529	124	90.6673	15	14.8613	46	12	34.9	54.4	17.29	32.3	41.3	0.7	46.3	15.1	40.9	0.765	71	15.8	47	S16	YES	YES	YES	NO	NO	NO	NO
2014	Harvard	64.1253	217	112.027	50	94.7095	28	17.3178	32	12	31.3	52.3	19.885	39	41.1	0.667	46.1	17.4	37.7	0.862	72.7	18.3	46	R32	YES	YES	NO	NO	NO	NO	NO
2014	NC State	64.734	184	113.205	39	102.658	130	10.5467	73	12	33.2	49.4	25.486	30.3	42.4	0.6	47.4	13.4	43.6	0.618	66.1	13.8	55	R64	YES	NO	NO	NO	NO	NO	NO
2014	N Dakota St	63.0184	271	116.004	20	103.42	149	12.5832	59	12	29.6	52.8	24.119	34.9	43.6	0.75	50.1	15	43.1	0.786	75.4	16.6	35	R32	YES	YES	NO	NO	NO	NO	NO
2014	Ste F Austin	61.7091	315	111.44	56	100.651	98	10.7884	70	12	36.9	53.4	24.982	35.2	45.7	1	50.2	21.5	38.1	0.935	71.1	16.2	51	R32	YES	YES	NO	NO	NO	NO	NO
2014	Xavier	64.4463	202	113.691	36	98.6757	65	15.0151	40	12	32.5	53.2	21.327	35.5	42.7	0.8	49.1	15.6	40.8	0.636	68.8	15.7	53	DNQ	NO	NO	NO	NO	NO	NO	NO
2015	Buffalo	68.4522	19	111.344	53	99.0045	90	12.339	57	12	32.3	52.1	18.047	34	42.2	0.556	48.5	18.1	39	0.719	72.2	17.9	29	R64	YES	NO	NO	NO	NO	NO	NO
2015	Ste F Austin	65.2365	110	114.494	25	100.484	109	14.0106	44	12	36.4	53.9	24.302	38.1	44.2	0.667	48.8	22.8	39.1	0.867	73.2	17.1	33	R64	YES	NO	NO	NO	NO	NO	NO
2015	Wofford	60.5424	319	104.909	146	98.5115	77	6.39782	100	12	27.4	50.8	20.421	37.1	42	0.833	46.9	18.7	33.9	0.812	69	13.3	47	R64	YES	NO	NO	NO	NO	NO	NO
2015	Wyoming	58.648	344	104.478	158	98.0741	69	6.40364	99	12	19.9	49.5	15.469	32.3	40.7	0.727	46.7	17.7	30.3	0.719	70.9	13.4	72	R64	YES	NO	NO	NO	NO	NO	NO
2016	Chattanooga	66.1763	263	107.156	129	99.7384	86	7.41784	104	12	31.3	52	16.616	36.1	43.8	1	49.8	22.4	35.2	0.844	73.3	17.1	50	R64	YES	NO	NO	NO	NO	NO	NO
2016	AR Lit Rock	63.2633	342	108.951	95	95.6244	32	13.3265	57	12	25.9	49.1	21.114	38.9	39	0.714	45.1	22.2	35.2	0.867	73.3	12.6	46	R32	YES	YES	NO	NO	NO	NO	NO
2016	S Dakota St	68.2819	155	110.826	73	101.245	109	9.58182	80	12	29.9	53.8	22.605	36.2	42.4	0.75	47.7	22.7	35.9	0.774	74.2	17.2	29	R64	YES	NO	NO	NO	NO	NO	NO
2016	Yale	65.9753	274	109.51	91	95.6837	33	13.8265	51	12	38.1	57.8	18.623	37.1	40.8	0.5	46.3	19.2	39.6	0.778	66.7	15.7	43	R32	YES	YES	NO	NO	NO	NO	NO
2017	Middle Tenn	64.2498	314	111.64	55	96.9823	47	14.6582	48	12	28.6	53.5	20.622	37	41.7	0.714	47.4	19.3	43	0.879	70.1	11.9	35	R32	YES	YES	NO	NO	NO	NO	NO
2017	Nevada	69.6483	88	114.477	34	101.135	100	13.3415	55	12	29.5	52.6	16.369	38.5	42.5	0.667	47.9	27.5	35	0.824	70.3	17.4	29	R64	YES	NO	NO	NO	NO	NO	NO
2017	Princeton	63.1679	336	109.396	84	96.8962	46	12.5002	59	12	22.3	49.4	17.156	37.9	42.6	1	49.1	29.6	30.9	0.778	73.7	10.4	50	R64	YES	NO	NO	NO	NO	NO	NO
2017	NC-Wilmgton	70.0795	69	117.706	19	105.319	189	12.3867	60	12	30.8	50.7	21.349	36	48.2	0.625	53.1	28.5	41.2	0.844	68.9	13.4	27	R64	YES	NO	NO	NO	NO	NO	NO
2010	Houston	70.8516	14	111.84	41	102.537	174	9.30246	84	13	28.9	44.6	22.002	35.6	46.3	0.286	51.3	24.9	38.4	0.545	71	15.5	109	R64	YES	NO	NO	NO	NO	NO	NO
2010	Murray St	65.5723	177	108.952	68	94.3666	48	14.5856	55	13	38.7	54	18.764	37.2	38.9	0.667	43.9	18.8	41	0.875	70.3	16.2	57	R32	YES	YES	NO	NO	NO	NO	NO
2010	Siena	68.3596	54	109.569	64	95.6534	64	13.9156	58	13	34.1	52.8	11.169	32.3	42.7	0.667	47.9	14.3	45.5	0.818	67	15.7	32	R64	YES	NO	NO	NO	NO	NO	NO
2010	Wofford	63.1377	274	104.267	146	94.8414	52	9.42513	83	13	30.7	51.9	19.001	34.7	42	0.5	46.8	17.5	35.5	0.758	67.3	16.1	70	R64	YES	NO	NO	NO	NO	NO	NO
2011	Belmont	68.7655	43	112.236	36	93.268	29	18.9677	23	13	36.8	52.9	21.989	38.1	40.7	0.75	45.6	28.3	35.6	0.882	73.6	16.4	52	R64	YES	NO	NO	NO	NO	NO	NO
2011	Morehead St	63.8399	261	105.208	116	98.4152	86	6.79253	94	13	40.3	56.5	19.995	34.3	42	0.333	48.9	17.8	36.3	0.71	67.7	14.7	76	R32	YES	YES	NO	NO	NO	NO	NO
2011	Oakland	71.6088	9	117.282	9	104.345	215	12.9371	58	13	35.3	52.9	19.001	37.7	44.2	0.4	49.4	24	43.8	0.727	71.9	17.3	45	R64	YES	NO	NO	NO	NO	NO	NO
2011	Princeton	63.3505	280	106.219	100	97.4016	71	8.81724	81	13	29.2	52.9	20.824	37.2	42.4	0.833	46.8	18.4	36.6	0.8	73.4	14.5	40	R64	YES	NO	NO	NO	NO	NO	NO
2012	Davidson	66.7002	65	111.768	33	101.075	141	10.6934	68	13	33.5	54.4	21.444	34	42.7	0.75	47.4	23.2	37.5	0.774	76.9	16.6	63	R64	YES	NO	NO	NO	NO	NO	NO
2012	Montana	63.555	209	103.543	153	95.6693	47	7.87347	93	13	25.5	49.3	21.228	38.3	40.1	0.75	44.9	19.2	36.8	0.793	71.9	15.2	73	R64	YES	NO	NO	NO	NO	NO	NO
2012	N Mex State	69.1013	17	109.141	62	97.4887	76	11.6518	56	13	40.5	55.6	17.636	32.8	42.8	0.429	47.8	13.7	43.8	0.727	66.4	19.8	58	R64	YES	NO	NO	NO	NO	NO	NO
2012	Ohio	65.5881	108	105.736	115	94.9527	39	10.7829	67	13	34.7	49.9	22.675	33.3	41.8	0.636	47.2	21.7	34.2	0.788	68.1	14.2	49	S16	YES	YES	YES	NO	NO	NO	NO
2013	Boise State	64.2697	151	113.2	25	98.0999	94	15.1001	45	13	28.7	52.1	22.666	38.7	44.3	0.429	50.6	22.6	34.6	0.655	74.9	14	45	DNQ	NO	NO	NO	NO	NO	NO	NO
2013	La Salle	64.3651	147	110.546	46	97.2446	83	13.3018	57	13	28.1	47.7	16.105	37.1	45.6	0.833	49.2	22.8	36.3	0.7	73.8	13.4	41	S16	YES	YES	YES	NO	NO	NO	NO
2013	Montana	61.796	267	105.569	121	102.857	177	2.71159	138	13	23.1	49	20.187	37.8	43.3	0.875	48.3	20.3	34.2	0.793	76.7	16	64	R64	YES	NO	NO	NO	NO	NO	NO
2013	N Mex State	63.1987	200	105.566	122	96.7219	74	8.84441	81	13	35.8	54.1	18.242	32.6	40.3	0.6	45.3	12	39.7	0.697	65.8	16.3	55	R64	YES	NO	NO	NO	NO	NO	NO
2013	S Dakota St	61.9938	255	112.586	30	105.42	235	7.16609	95	13	27.7	52.2	14.371	39.4	44.7	0.4	50.9	23.5	35	0.71	77.3	14.2	62	R64	YES	NO	NO	NO	NO	NO	NO
2014	Delaware	70.5569	10	111.299	59	105.513	189	5.78601	109	13	27.5	48.4	21.653	34.5	44	0.667	49.1	21.5	39.5	0.735	70.9	18.5	67	R64	YES	NO	NO	NO	NO	NO	NO
2014	Manhattan	68.0296	44	106.544	136	96.9886	52	9.55527	77	13	32.6	51	27.04	36.7	41	0.583	45.6	19.2	37.5	0.781	66.2	20.7	60	R64	YES	NO	NO	NO	NO	NO	NO
2014	N Mex State	65.3613	146	112.746	44	102.113	123	10.6331	71	13	37.3	53.7	21.203	36.2	40.6	0.429	44.4	15.4	41.3	0.735	68.6	19.9	74	R64	YES	NO	NO	NO	NO	NO	NO
2014	Tulsa	67.1059	68	105.972	153	96.6323	46	9.33939	79	13	28.5	50.4	24.91	32.5	40.3	0.667	46.3	17.3	37.8	0.636	68.3	18	70	R64	YES	NO	NO	NO	NO	NO	NO
2015	E Washingtn	67.9604	25	112.165	46	109.197	281	2.96737	135	13	27.1	49.4	20.605	39.6	45.3	0.667	52	29.9	34.6	0.742	71.4	14.8	76	R64	YES	NO	NO	NO	NO	NO	NO
2015	Harvard	61.137	309	103.686	173	94.9442	36	8.74154	80	13	31.4	52.4	17.772	34.1	40.7	0.857	46.1	14	34.7	0.741	71.5	14.4	52	R64	YES	NO	NO	NO	NO	NO	NO
2015	UC Irvine	63.3775	210	105.818	127	98.9592	88	6.85898	96	13	28.5	50.6	21.226	38.3	39.8	0.375	44.7	19.1	36.2	0.613	68.3	11.5	88	R64	YES	NO	NO	NO	NO	NO	NO
2015	Valparaiso	62.1996	270	106.629	114	95.6594	50	10.9697	64	13	32.9	54.5	18.535	38.1	38.8	0.778	44.9	20.4	34.5	0.833	68.7	13.5	48	R64	YES	NO	NO	NO	NO	NO	NO
2016	Hawaii	70.5206	59	108.243	106	96.5071	39	11.736	63	13	29.4	53.1	21.504	32.8	39.6	0.667	44.9	22	37.2	0.833	68.6	17.9	78	R32	YES	YES	NO	NO	NO	NO	NO
2016	Iona	71.7927	33	110.602	78	102.768	138	7.8333	99	13	28.3	49.6	20.477	37.2	42.1	0.2	48.5	30	35.5	0.688	71.2	14.1	80	R64	YES	NO	NO	NO	NO	NO	NO
2016	Stony Brook	66.9582	237	107.481	122	98.9433	70	8.53773	92	13	34	54.7	16.19	37.5	41.4	0.667	47.3	19.4	43.3	0.8	66.8	12.8	59	R64	YES	NO	NO	NO	NO	NO	NO
2016	NC-Wilmgton	70.1618	75	110.051	86	100.792	101	9.25855	82	13	29.7	50.9	28.467	34.1	42.3	0.615	47.1	20.9	41.7	0.767	70.4	15.4	45	R64	YES	NO	NO	NO	NO	NO	NO
2017	Bucknell	69.6888	87	109.074	86	100.358	89	8.71601	80	13	25.8	50.8	17.19	37.7	42.5	0.571	47.9	24.4	37.5	0.765	67.9	14.1	63	R64	YES	NO	NO	NO	NO	NO	NO
2017	E Tenn St	70.0234	71	107.974	109	96.4902	44	11.4836	64	13	27.8	52.6	20.665	38.2	41.5	0.571	48.5	22.5	40.1	0.781	69.8	17	54	R64	YES	NO	NO	NO	NO	NO	NO
2017	Vermont	64.3336	313	110.832	61	98.9477	67	11.8847	63	13	28.8	52.6	15.386	36.7	43	0.714	48.2	18.8	41.3	0.849	70	13.2	46	R64	YES	NO	NO	NO	NO	NO	NO
2017	Winthrop	70.9519	44	106.436	136	101.809	111	4.62694	112	13	25.1	50.2	19.906	38	40.8	0.6	46.4	29.1	33.8	0.8	71.9	16.4	68	R64	YES	NO	NO	NO	NO	NO	NO
2010	Montana	61.6822	307	106.707	104	98.1992	95	8.50753	91	14	28.2	51.6	20.367	39.8	42.2	0.636	47.7	19.6	36.1	0.69	72.2	13.8	95	R64	YES	NO	NO	NO	NO	NO	NO
2010	Oakland	68.5659	46	107.635	90	103.917	209	3.71824	133	14	35.5	52.8	17.509	32	45.6	0.875	50.1	17.4	40.7	0.75	71.5	17.1	51	R64	YES	NO	NO	NO	NO	NO	NO
2010	Ohio	68.1933	57	105.808	122	98.4546	97	7.35379	100	14	28.6	49	20.627	35.8	40.9	0.273	46	21.7	34.5	0.588	73.3	17.2	93	R32	YES	YES	NO	NO	NO	NO	NO
2010	Sam Hous St	68.6965	40	110.763	47	103.694	200	7.06873	101	14	33.2	52.1	22.368	38.5	44.7	0.625	50.3	26.9	36.6	0.75	70.9	16.4	71	R64	YES	NO	NO	NO	NO	NO	NO
2011	Bucknell	65.0026	217	105.356	114	97.7759	79	7.57974	85	14	24.1	50.3	20.209	40.2	39.2	0.7	45	20.6	35.4	0.758	78.6	14.7	79	R64	YES	NO	NO	NO	NO	NO	NO
2011	Indiana St	65.4175	185	101.49	192	96.8677	63	4.62225	115	14	29.3	51	25.137	35.5	40.4	0.75	45.9	20.2	31.2	0.594	71.3	14.4	86	R64	YES	NO	NO	NO	NO	NO	NO
2011	St Peters	64.6119	231	95.0018	292	91.7599	18	3.24183	129	14	31.5	49.7	21.924	34.8	37.4	0.667	42.2	17.5	30.5	0.606	64.3	13.4	94	R64	YES	NO	NO	NO	NO	NO	NO
2011	Wofford	63.4771	275	111.911	39	104.341	214	7.57016	86	14	32.9	50.9	23.18	40.7	44.7	0.5	50	17.5	40.5	0.636	69.1	15.8	114	R64	YES	NO	NO	NO	NO	NO	NO
2012	Belmont	66.7473	62	117.088	9	99.4192	112	17.6692	24	14	32	52.1	18.876	38.1	42.6	0.444	47.8	26.5	38.2	0.788	73.6	16.8	60	R64	YES	NO	NO	NO	NO	NO	NO
2012	BYU	71.6581	5	106.894	97	93.9601	26	12.9336	49	14	28.1	52.3	18.04	34.8	41.8	0.75	47.5	20.4	42.3	0.742	70.9	15.6	48	R64	YES	NO	NO	NO	NO	NO	NO
2012	Iona	69.0723	18	115.979	14	103.63	193	12.3492	52	14	30.3	50.7	16.349	39.3	45	0.571	51.1	23.2	46.4	0.781	71.6	13.6	46	DNQ	NO	NO	NO	NO	NO	NO	NO
2012	S Dakota St	64.332	166	113.756	23	102.043	159	11.7129	54	14	29	51.2	16.613	39.3	44.8	0.667	49.9	24.5	35.6	0.781	73	16.3	40	R64	YES	NO	NO	NO	NO	NO	NO
2012	St Bonavent	62.409	261	110.138	53	98.5497	91	11.5887	58	14	35.5	54	21.486	34.2	41.9	0.571	47.4	16.2	37.7	0.633	75.6	16.9	82	R64	YES	NO	NO	NO	NO	NO	NO
2013	Davidson	63.2755	198	112.441	32	101.27	147	11.1711	66	14	27.8	51.6	21.022	36.6	41.3	0.5	45.5	22.5	34.1	0.781	80.1	16.5	61	R64	YES	NO	NO	NO	NO	NO	NO
2013	Harvard	62.4831	235	108.139	73	101.233	144	6.90592	98	14	23.9	49	18.067	40.1	44.3	0.6	49	19.1	32.7	0.667	72.3	17.1	93	R32	YES	YES	NO	NO	NO	NO	NO
2013	NW State	71.4118	1	106.886	98	103.699	196	3.18756	133	14	34.1	49.2	20.444	31.4	43.3	0.75	47.6	17.2	43.4	0.704	69	17.3	78	R64	YES	NO	NO	NO	NO	NO	NO
2013	Valparaiso	63.7461	181	111.066	43	99.147	107	11.9193	61	14	29.6	53.7	21.281	37.5	41.6	0.714	46	22.3	33.6	0.781	73.7	15.5	58	R64	YES	NO	NO	NO	NO	NO	NO
2014	LA Lafayette	68.8604	29	109.939	84	104.85	171	5.08877	114	14	34.7	51.6	24.078	37.2	45	0.6	50	21.3	40.3	0.633	66.7	18.2	97	R64	YES	NO	NO	NO	NO	NO	NO
2014	Mercer	63.9334	226	108.78	106	101.313	109	7.46633	98	14	30.2	51.7	22.641	39	40.9	0.714	46.5	24.8	36.8	0.742	73.5	15.6	82	R32	YES	YES	NO	NO	NO	NO	NO
2014	NC Central	62.708	287	107.276	128	98.9836	71	8.29208	89	14	32.7	51.8	23.39	32.6	37.9	0.667	43.4	15.1	37.7	0.839	72.6	19.4	99	R64	YES	NO	NO	NO	NO	NO	NO
2014	W Michigan	65.2493	155	106.443	137	102.024	122	4.41973	124	14	29.8	51.4	20.428	33	41.3	0.778	47.3	17.6	35.7	0.71	71.8	18.9	68	R64	YES	NO	NO	NO	NO	NO	NO
2015	Albany	60.7359	318	106.463	116	103.431	161	3.03231	134	14	31.3	53.8	16.874	36	42	0.636	49.6	18.5	31.8	0.75	76.1	15.2	99	R64	YES	NO	NO	NO	NO	NO	NO
2015	Georgia St	62.5745	259	110.463	61	100.687	112	9.77537	73	14	28.6	49.3	22.249	32.5	38.6	0.444	45.5	14.3	42	0.71	73.6	15.4	61	R32	YES	YES	NO	NO	NO	NO	NO
2015	Northeastrn	63.0556	233	107.892	90	103.071	156	4.82045	119	14	27.4	53.9	14.489	38.8	44.5	0.5	49.6	17.6	35.9	0.676	72.4	15	86	R64	YES	NO	NO	NO	NO	NO	NO
2015	UAB	64.4025	150	104.585	156	101.758	134	2.82779	138	14	32.1	50.9	19.21	33.2	42.1	0.417	47.2	16.5	36.4	0.545	73.9	15.2	129	R32	YES	YES	NO	NO	NO	NO	NO
2016	Buffalo	71.9828	28	105.541	163	102.83	140	2.71119	141	14	30.8	51.8	21.379	33.5	43.6	0.571	49.8	22.1	36.9	0.576	70.9	17.6	91	R64	YES	NO	NO	NO	NO	NO	NO
2016	Fresno St	68.9375	123	107.084	130	100.385	95	6.69862	106	14	28.3	50.1	24.348	34.3	42	0.8	48.5	18.8	39.7	0.719	69.6	16.1	66	R64	YES	NO	NO	NO	NO	NO	NO
2016	WI-Grn Bay	76.1219	5	108.225	107	104.236	170	3.98885	127	14	29.8	48.9	20.065	35	45	0.5	51.2	21.3	43.8	0.636	65.7	18.1	113	R64	YES	NO	NO	NO	NO	NO	NO
2016	Ste F Austin	67.4268	207	111.339	67	96.9336	43	14.405	45	14	32.9	51.8	19.459	37.5	44.5	0.667	49.6	23.9	40.9	0.821	74.4	14.7	61	R32	YES	YES	NO	NO	NO	NO	NO
2017	Fla Gulf Cst	65.2507	298	109.563	81	104.547	171	5.016	108	14	33.6	53.4	19.706	33.9	43.1	0.667	49.1	18.8	43.9	0.767	69.5	13.7	85	R64	YES	NO	NO	NO	NO	NO	NO
2017	Iona	70.4839	57	110.197	69	106.195	202	4.00176	118	14	25.2	48.4	19.459	39.7	43.2	0.8	49.6	29.3	36.4	0.647	77	14.8	89	R64	YES	NO	NO	NO	NO	NO	NO
2017	Kent State	68.2714	163	104.421	169	102.687	132	1.73415	141	14	37.3	53.7	19.364	31.4	43.3	0.562	49.6	20.9	40	0.618	71.7	15	143	R64	YES	NO	NO	NO	NO	NO	NO
2017	N Mex State	67.51	206	110.052	71	102.738	135	7.31463	88	14	35.8	54.4	19.295	33.4	42.5	0.75	47.4	22.2	37.5	0.833	70.9	17.7	60	R64	YES	NO	NO	NO	NO	NO	NO
2010	Morgan St	68.151	59	105.657	127	103.75	202	1.90682	151	15	39.8	52.7	22.755	33.8	42.3	0.7	46.5	16.8	41.1	0.75	70.3	18.8	102	R64	YES	NO	NO	NO	NO	NO	NO
2010	North Texas	67.1128	94	102.939	162	103.298	194	-0.35881	178	15	31.1	52.2	19.204	33.1	43.3	0.846	47.5	15.8	37.7	0.733	71.8	19.9	104	R64	YES	NO	NO	NO	NO	NO	NO
2010	Rob Morris	65.7182	165	99.6218	214	101.452	154	-1.83054	194	15	33.2	51.1	24.949	36.5	40.9	0.667	47	16.9	35.4	0.676	66.1	16.2	127	R64	YES	NO	NO	NO	NO	NO	NO
2010	UCSB	66.0756	147	100.038	203	97.6604	86	2.37748	149	15	26.1	48.3	20.514	37.8	41.8	0.833	47.9	20.6	30.9	0.679	68.2	16.1	96	R64	YES	NO	NO	NO	NO	NO	NO
2011	Akron	66.2222	147	103.29	161	99.533	106	3.75741	125	15	26.3	47.9	20.469	36.1	41.7	0.714	46.6	23.6	33.4	0.647	70.8	12.9	109	R64	YES	NO	NO	NO	NO	NO	NO
2011	LIU-Brooklyn	73.2043	5	108.912	70	103.533	190	5.37973	107	15	37.7	53.2	13.951	36.6	43.3	0.778	48.2	20.7	42.2	0.844	64.5	19.6	75	R64	YES	NO	NO	NO	NO	NO	NO
2011	N Colorado	67.118	92	106.011	103	101.426	138	4.58447	116	15	33.3	53.7	23.974	38.4	41.6	0.636	48.9	23.9	29	0.655	77.2	18.1	97	R64	YES	NO	NO	NO	NO	NO	NO
2011	UCSB	64.4276	240	103.503	154	99.4018	103	4.10161	121	15	27.4	49.6	23.698	37	40.3	0.143	46.8	20.9	32.3	0.552	76.5	14.6	156	R64	YES	NO	NO	NO	NO	NO	NO
2012	Detroit	66.4169	73	108.41	72	102.907	179	5.50243	115	15	34.1	50.9	21.023	29.5	44.5	0.538	50.9	13.4	39.7	0.606	74.1	17.8	125	R64	YES	NO	NO	NO	NO	NO	NO
2012	Lehigh	67.0402	49	108.606	66	99.6982	115	8.90823	84	15	28.7	51.2	18.498	35.5	41.7	0.667	47.1	22.2	36.7	0.781	77.4	16.7	93	R32	YES	YES	NO	NO	NO	NO	NO
2012	Loyola-MD	62.6291	257	103.745	149	100.068	126	3.6774	131	15	37.3	53.4	21.273	34.1	42.8	0.75	47.7	15	36	0.75	71.8	16.6	78	R64	YES	NO	NO	NO	NO	NO	NO
2012	Norfolk St	66.0683	87	99.5279	231	101.974	158	-2.44646	191	15	32	51.2	20.316	31.4	40.5	0.778	45.4	16	37.9	0.75	65.7	15.6	127	R32	YES	YES	NO	NO	NO	NO	NO
2013	Albany	61.1481	282	102.346	173	101.191	142	1.15535	150	15	29.1	52.3	14.659	36.4	42.2	0.667	47.9	18	31.6	0.706	73.4	14.8	130	R64	YES	NO	NO	NO	NO	NO	NO
2013	Fla Gulf Cst	66.6594	55	103.304	152	99.9512	125	3.35293	129	15	32.9	50.6	18.486	33.1	41.1	1	47.1	19.9	39.2	0.688	67	13.3	95	S16	YES	YES	YES	NO	NO	NO	NO
2013	Iona	68.6813	13	114.644	14	106.791	256	7.85234	91	15	31.5	50.1	17.546	37.3	44.9	0.375	51.5	25.2	39.8	0.606	77.8	15.8	97	R64	YES	NO	NO	NO	NO	NO	NO
2013	Pacific	61.5719	273	106.871	99	101.331	149	5.53976	111	15	28.4	49.5	22.087	39.1	43.1	0.5	49.7	19.4	33.5	0.625	70	13.9	98	R64	YES	NO	NO	NO	NO	NO	NO
2014	American	59.8927	343	103.925	193	98.0491	59	5.87548	107	15	25.4	50.8	21.784	38.2	41.1	0.4	46	19	33.4	0.625	71	11.5	119	R64	YES	NO	NO	NO	NO	NO	NO
2014	E Kentucky	64.6059	192	111.315	58	108.295	244	3.01993	137	15	20.5	44.2	27.444	38.6	48.9	0.667	55.5	26.8	33.2	0.71	75.4	17.4	98	R64	YES	NO	NO	NO	NO	NO	NO
2014	WI-Milwkee	65.9973	114	104.63	181	104.266	164	0.3633	163	15	25.9	48.8	22.139	33	44.1	0.625	49.2	21.4	31.3	0.606	73.3	17.7	126	R64	YES	NO	NO	NO	NO	NO	NO
2014	Wofford	60.7578	335	100.924	241	102.947	141	-2.02301	191	15	29.4	50.2	21.508	35.9	44.8	0.571	49.3	17.2	36.1	0.586	66.5	12.2	153	R64	YES	NO	NO	NO	NO	NO	NO
2015	Belmont	66.5706	57	109.115	70	107.619	245	1.49515	149	15	26.7	50.4	16.343	37.9	45	0.733	51.3	29.6	31.8	0.677	69	12.4	105	R64	YES	NO	NO	NO	NO	NO	NO
2015	N Mex State	62.9742	238	106.825	113	99.8197	101	7.0055	94	15	39.7	54.9	18.27	36.4	42.4	0.5	45.8	14	37.8	0.677	70.7	16.1	103	R64	YES	NO	NO	NO	NO	NO	NO
2015	N Dakota St	60.2617	326	102.68	194	102.079	140	0.601364	157	15	24.8	51.5	18.463	37.8	41.8	0.778	47.8	20.8	30.1	0.7	69.4	13	90	R64	YES	NO	NO	NO	NO	NO	NO
2015	TX Southern	62.9114	242	103.049	182	106.918	227	-3.8688	214	15	30.5	50.3	17.466	32	44	0.667	48.9	15.9	36.1	0.647	66.2	16.2	119	R64	YES	NO	NO	NO	NO	NO	NO
2016	CS Bakersfld	67.6197	192	103.37	188	96.8714	42	6.49871	107	15	33.2	52.4	21.735	34.6	39.3	0.4	44.7	16.2	41	0.724	65.1	14.6	117	R64	YES	NO	NO	NO	NO	NO	NO
2016	Middle Tenn	67.5556	197	103.144	194	99.21	74	3.93408	128	15	26.8	51.2	21.926	38.9	42.8	0.8	48.5	24	35.8	0.71	60.7	12.5	77	R32	YES	YES	NO	NO	NO	NO	NO
2016	NC-Asheville	70.1811	74	103.529	185	99.3166	76	4.21193	122	15	29.2	50.9	18.346	32.2	43.6	0.182	48.7	16.7	40.6	0.645	70.1	17.1	138	R64	YES	NO	NO	NO	NO	NO	NO
2016	Weber State	66.9958	231	103.593	183	100.851	103	2.74146	140	15	25.5	52.4	16.459	36	42.4	0.571	47.2	24	33.9	0.742	67.7	16.6	105	R64	YES	NO	NO	NO	NO	NO	NO
2017	Jksnville St	63.5728	329	105.363	153	104.78	177	0.583245	158	15	30.5	52.6	20.69	36.7	42.2	0.4	49.3	21.6	34.5	0.562	71.7	13	150	R64	YES	NO	NO	NO	NO	NO	NO
2017	North Dakota	71.25	38	102.854	202	103.166	144	-0.311268	173	15	24.7	49.8	20.939	38.4	44.6	0.636	50.3	20.5	42.4	0.679	73.2	15.8	144	R64	YES	NO	NO	NO	NO	NO	NO
2017	N Kentucky	67.8323	194	106.647	132	105.311	188	1.33605	147	15	29.5	52.7	17.683	36.1	44.2	0.857	49.8	26.2	34.2	0.688	67.6	14.4	87	R64	YES	NO	NO	NO	NO	NO	NO
2017	Troy	68.0509	175	109.892	74	107.217	223	2.67571	130	15	28.4	50.8	19.705	36.1	43.3	0.385	50	25.1	34.4	0.576	72	16.7	154	R64	YES	NO	NO	NO	NO	NO	NO
2010	Ark Pine Bl	64.9785	201	91.8221	307	99.7369	122	-7.91476	244	16	33.8	54.7	26.311	30.4	40.7	0.583	45.7	12.3	35	0.531	66.3	17.1	178	R64	YES	NO	NO	NO	NO	NO	NO
2010	E Tenn St	66.1025	145	100.3	199	97.8928	90	2.40771	148	16	34	50.6	20.109	31.4	41.5	0.455	48.1	15.4	38.7	0.576	66.2	14.9	122	R64	YES	NO	NO	NO	NO	NO	NO
2010	Lehigh	68.4313	51	104.907	140	106.362	252	-1.45422	191	16	27.9	51.1	18.395	40	42.2	0	48.2	20	37.8	0.688	71.6	17.4	152	R64	YES	NO	NO	NO	NO	NO	NO
2010	Vermont	65.8979	157	103.697	150	100.573	135	3.12414	138	16	35.4	52.2	19.794	32.1	39.7	0.714	44.5	14.2	37.8	0.735	68.9	18.6	118	R64	YES	NO	NO	NO	NO	NO	NO
2010	Winthrop	63.9135	245	90.8904	318	95.0021	57	-4.11173	214	16	32.3	51	19.939	26.5	40.4	0.636	45.7	12	37.3	0.567	63.9	13.3	160	DNQ	NO	NO	NO	NO	NO	NO	NO
2011	Alabama St	63.859	259	92.3675	311	105.437	238	-13.0699	302	16	35.3	50.8	26.451	29.2	41.3	0.333	46.7	14.4	32.2	0.469	60.8	14.9	257	DNQ	NO	NO	NO	NO	NO	NO	NO
2011	Boston U	63.0646	291	102.907	166	103.292	186	-0.38517	170	16	32.2	50.5	18.614	35.5	39.6	0.5	45.6	22.6	27.9	0.618	73.1	14.7	132	R64	YES	NO	NO	NO	NO	NO	NO
2011	Hampton	66.566	122	93.9345	299	97.7279	76	-3.79341	203	16	27.8	46.8	19.799	32.1	37.6	0.667	42.5	19.3	32.4	0.742	64.7	15.3	150	R64	YES	NO	NO	NO	NO	NO	NO
2011	AR Lit Rock	64.4828	237	100.167	217	104.657	221	-4.48952	215	16	26.8	48	24.362	39.7	44.3	0.636	50.4	20.1	30.5	0.515	69.4	15.6	187	DNQ	NO	NO	NO	NO	NO	NO	NO
2011	NC-Asheville	67.7991	66	101.432	194	99.0391	97	2.393	144	16	30.7	48.3	20.998	32.9	42.1	0.3	47.7	14.6	40.8	0.552	70	16.4	147	R64	YES	NO	NO	NO	NO	NO	NO
2011	TX-San Ant	67.0401	94	101.474	193	106.668	257	-5.19344	227	16	27.8	48.6	21.621	36.3	42.3	0.571	48.8	21.4	32.7	0.552	72	16.4	194	R64	YES	NO	NO	NO	NO	NO	NO
2012	Lamar	65.5439	111	107.54	86	100.064	125	7.476	99	16	36.5	53.2	18.321	33.2	42.3	0.25	46.7	12.8	42.2	0.656	72.4	17.6	104	DNQ	NO	NO	NO	NO	NO	NO	NO
2012	LIU-Brooklyn	72.7955	2	108.1	76	107.557	271	0.542871	164	16	32.7	51.7	13.785	36.8	44.5	1	49.1	19.7	41.3	0.758	73.1	20.9	76	R64	YES	NO	NO	NO	NO	NO	NO
2012	Miss Val St	67.9152	31	98.6794	244	105.054	231	-6.3745	237	16	32.8	50	20.785	32.8	43.7	0.75	50.2	22.5	32.8	0.636	65	13.5	146	DNQ	NO	NO	NO	NO	NO	NO	NO
2012	NC-Asheville	67.7396	34	109.605	60	104.64	219	4.96548	118	16	31.8	49.6	19.165	34.8	45.3	0.333	51.4	19.2	38.7	0.7	77.2	20.6	97	R64	YES	NO	NO	NO	NO	NO	NO
2012	Vermont	61.3192	298	104.447	137	100.224	129	4.2234	123	16	32.7	52.7	18.235	34.6	40.8	0.5	45.8	16.2	36.1	0.676	74.2	14.9	139	R64	YES	NO	NO	NO	NO	NO	NO
2012	W Kentucky	66.9018	55	98.1875	252	101.022	139	-2.83435	201	16	31.8	49.8	22.271	30.8	43.1	0.615	47.4	17	32.6	0.455	69.3	15.5	189	R64	YES	NO	NO	NO	NO	NO	NO
2013	James Mad	62.5026	233	99.5556	225	101.23	143	-1.67462	191	16	27	48.7	21.435	33.3	42.7	0.571	48.7	17.2	33.6	0.588	70.1	14.4	181	R64	YES	NO	NO	NO	NO	NO	NO
2013	Liberty	63.8178	177	100.529	206	110.044	306	-9.51521	267	16	27.4	49	22.933	36.7	42.5	0.417	47.5	20.3	31.8	0.375	73.3	15.2	286	DNQ	NO	NO	NO	NO	NO	NO	NO
2013	LIU-Brooklyn	66.723	54	111.069	42	112.442	326	-1.37364	187	16	34.1	51.2	17.942	38.5	46.8	0.4	52.5	22.1	39.5	0.606	69	17.9	168	DNQ	NO	NO	NO	NO	NO	NO	NO
2013	NC A&T	64.8071	130	92.5828	315	97.9108	90	-5.32804	228	16	28.9	48.9	20.807	30.2	38.4	0.545	44.5	17.4	29.5	0.529	65.6	14.7	214	R64	YES	NO	NO	NO	NO	NO	NO
2013	Southern	62.7873	222	99.0012	233	99.294	111	-0.29274	172	16	24.2	49.1	19.407	36.4	37.2	0.556	41.6	19.9	32.1	0.69	68.8	14.7	180	R64	YES	NO	NO	NO	NO	NO	NO
2013	W Kentucky	63.8433	176	101.798	185	102.763	174	-0.9659	180	16	34.4	52.1	20.468	33.2	42.7	0.545	47.9	19.6	33.5	0.559	68	13.9	151	R64	YES	NO	NO	NO	NO	NO	NO
2014	Albany	61.7185	314	102.179	218	103.893	157	-1.71363	187	16	30.6	52.3	17.458	36.4	41.9	0.167	48.2	14.7	35.1	0.562	74.8	16.2	180	R64	YES	NO	NO	NO	NO	NO	NO
2014	Cal Poly	58.8564	347	103.247	202	103.846	156	-0.599368	172	16	29.2	47.9	25.033	33.5	43.9	0.444	49.1	19	30.8	0.367	68.7	12.2	199	R64	YES	NO	NO	NO	NO	NO	NO
2014	Coastal Car	65.898	117	97.0064	299	102.979	142	-5.97261	236	16	32.2	52.6	21.643	32	40.4	0.615	47.2	17.2	37.9	0.6	69.3	15.5	192	R64	YES	NO	NO	NO	NO	NO	NO
2014	Mt St Marys	68.4474	37	107.491	124	111.241	292	-3.75021	207	16	25.7	46.8	20.507	35.6	49.3	0.6	53.4	26.6	33.6	0.5	74.1	16.1	189	DNQ	NO	NO	NO	NO	NO	NO	NO
2014	TX Southern	65.8018	124	106.018	151	112.768	321	-6.75033	248	16	31.3	52	17.277	35.9	44.6	0.583	49.9	18.9	37.1	0.562	71.1	19.1	241	DNQ	NO	NO	NO	NO	NO	NO	NO
2014	Weber State	63.2017	263	106.025	150	106.516	211	-0.49027	170	16	26.6	51.7	21.488	39.4	43.7	0.429	47.4	21.6	32.1	0.607	73.8	18.1	142	R64	YES	NO	NO	NO	NO	NO	NO
2015	Coastal Car	63.6717	192	105.424	136	103.803	169	1.6211	147	16	33.3	53.9	20.565	35.4	40.5	0.667	47.1	20.1	35	0.69	70.3	15.4	127	R64	YES	NO	NO	NO	NO	NO	NO
2015	Hampton	68.6346	18	96.0398	304	104.551	180	-8.51136	270	16	30.9	50.7	24.105	30.4	41.3	0.545	46.5	17	34.3	0.485	65.2	15.8	254	R64	YES	NO	NO	NO	NO	NO	NO
2015	Lafayette	64.3104	153	112.691	41	114.45	335	-1.75874	188	16	26.3	48.3	16.84	41.4	45.9	0.636	52.9	23.8	37	0.613	76.5	12.8	122	R64	YES	NO	NO	NO	NO	NO	NO
2015	Manhattan	67.2455	36	101.932	215	101.19	119	0.742583	155	16	29.3	48.6	26.087	34	43.6	0.5	48	19.6	32.8	0.594	69.4	17.5	167	DNQ	NO	NO	NO	NO	NO	NO	NO
2015	N Florida	66.7256	54	108.032	88	105.12	193	2.91181	137	16	26.8	49.4	18.906	38	43.5	0.167	47.9	26.1	32.2	0.645	72.8	15.6	162	DNQ	NO	NO	NO	NO	NO	NO	NO
2015	Rob Morris	65.0415	123	102.327	205	103.869	171	-1.54229	183	16	29.1	48	20.044	38	42.4	0.636	48.4	19.2	35.8	0.576	71.4	14	171	R64	YES	NO	NO	NO	NO	NO	NO
2016	Austin Peay	69.3154	105	104.005	177	109.104	264	-5.09934	219	16	30.2	51.1	18.028	34.9	46.3	0.6	53.6	18.6	38.7	0.485	67	17.4	189	R64	YES	NO	NO	NO	NO	NO	NO
2016	F Dickinson	71.1346	48	104.836	168	114.583	334	-9.74686	270	16	26.3	46.1	25.306	36.5	45.6	0.636	52	21.8	40.8	0.548	69.9	14.2	204	DNQ	NO	NO	NO	NO	NO	NO	NO
2016	Fla Gulf Cst	66.5831	247	102.917	199	104.307	175	-1.39023	179	16	29.5	52.6	20.618	34.6	42.4	0.6	48.1	15.2	46.3	0.552	64.5	14.1	213	R64	YES	NO	NO	NO	NO	NO	NO
2016	Hampton	71.2725	44	99.7519	258	106.561	209	-6.80879	241	16	32.9	53.2	21.255	30.9	42.6	0.727	48	19.8	38.3	0.667	65.4	16.9	154	R64	YES	NO	NO	NO	NO	NO	NO
2016	Holy Cross	63.6033	338	97.0369	306	108.525	251	-11.4879	286	16	21.1	45.8	19.309	32.7	45.7	0.571	53.2	21.5	30.4	0.424	69.3	13.5	251	R64	YES	NO	NO	NO	NO	NO	NO
2016	Southern	68.9507	122	100.906	236	106.217	202	-5.31079	223	16	25.7	48.5	21.114	34.5	42	0.778	47.7	17.6	38.6	0.613	67.3	15	186	DNQ	NO	NO	NO	NO	NO	NO	NO
2017	Mt St Marys	66.8082	236	98.9775	270	103.211	150	-4.23312	213	16	21.1	44.6	17.7	35.7	44.8	0.636	49.6	21.7	34.4	0.559	67.5	12.2	149	R64	YES	NO	NO	NO	NO	NO	NO
2017	New Orleans	66.1458	267	100.844	240	101.362	102	-0.517773	178	16	34.1	52.1	19.065	31.1	44.2	0.375	49.9	12.6	41.4	0.607	71	16.7	151	DNQ	NO	NO	NO	NO	NO	NO	NO
2017	NC Central	66.3643	255	102.796	204	101.835	112	0.961015	153	16	30.5	51.4	14.78	33.3	39.9	0.167	45.1	21.9	37.5	0.733	69.3	13.8	202	DNQ	NO	NO	NO	NO	NO	NO	NO
2017	S Dakota St	67.0521	223	110.782	63	112.116	308	-1.33359	187	16	25.6	50.3	16.864	36.1	45.5	0.75	54	27.7	32.1	0.5	77	17.4	158	R64	YES	NO	NO	NO	NO	NO	NO
2017	TX Southern	68.4526	150	103.622	187	107.286	227	-3.66476	207	16	31.1	48.9	18.345	29.7	44.3	0.875	48.9	17.5	38	0.676	73.3	18.9	105	R64	YES	NO	NO	NO	NO	NO	NO
2017	UC Davis	68.4821	143	97.8508	292	102.603	126	-4.75235	218	16	26.3	50.8	18.822	35.1	42.5	0.7	48.4	18.4	35.9	0.625	66.1	15.1	163	R64	YES	NO	NO	NO	NO	NO	NO
